logg,Teff,Z,L/HP,aLSM,bLSM,aPCM,bPCM,chi2,Type,Mod
2.5,1500,0.0,2.0,1.2909,-0.3807,1.2102,-0.2134,0.0398,q,PD
3.0,1500,0.0,2.0,1.1961,-0.3121,1.1173,-0.153,0.042,q,PD
3.5,1500,0.0,2.0,1.2359,-0.3686,1.1642,-0.2298,0.0491,q,PD
4.0,1500,0.0,2.0,1.341,-0.4786,1.2888,-0.3749,0.0615,q,PD
4.5,1500,0.0,2.0,1.8119,-1.0014,1.7864,-0.9145,0.1444,q,PD
5.0,1500,0.0,2.0,1.6354,-0.7874,1.5836,-0.6861,0.0451,q,PD
5.5,1500,0.0,2.0,1.3417,-0.4997,1.3595,-0.505,0.1561,q,PD
2.5,1600,0.0,2.0,1.1639,-0.2535,1.0901,-0.0922,0.0062,q,PD
3.0,1600,0.0,2.0,1.0994,-0.1913,1.0284,-0.0471,0.0304,q,PD
3.5,1600,0.0,2.0,1.1372,-0.2481,1.0682,-0.1153,0.0479,q,PD
4.0,1600,0.0,2.0,1.1439,-0.2615,1.0798,-0.1449,0.0653,q,PD
4.5,1600,0.0,2.0,1.2051,-0.3375,1.1558,-0.2477,0.0518,q,PD
5.0,1600,0.0,2.0,1.21,-0.3503,1.1683,-0.2742,0.056,q,PD
5.5,1600,0.0,2.0,1.2634,-0.4091,1.2423,-0.3637,0.0754,q,PD
2.5,1700,0.0,2.0,1.0287,-0.1149,0.9567,0.0468,0.0346,q,PD
3.0,1700,0.0,2.0,1.0527,-0.1511,0.9839,-0.0065,0.0125,q,PD
3.5,1700,0.0,2.0,1.069,-0.1822,1.0065,-0.0561,0.0198,q,PD
4.0,1700,0.0,2.0,1.0685,-0.1922,1.0125,-0.0847,0.0348,q,PD
4.5,1700,0.0,2.0,1.0225,-0.149,0.9753,-0.0629,0.0468,q,PD
5.0,1700,0.0,2.0,1.0418,-0.1692,0.9958,-0.0891,0.0579,q,PD
5.5,1700,0.0,2.0,1.1282,-0.2599,1.0885,-0.1917,0.0596,q,PD
2.5,1800,0.0,2.0,1.0419,-0.1193,0.9671,0.0421,0.033,q,PD
3.0,1800,0.0,2.0,0.9929,-0.0864,0.9318,0.0482,0.043,q,PD
3.5,1800,0.0,2.0,0.99,-0.1134,0.9293,0.0143,0.0216,q,PD
4.0,1800,0.0,2.0,0.9915,-0.1253,0.9423,-0.024,0.0122,q,PD
4.5,1800,0.0,2.0,1.0114,-0.1483,0.9716,-0.0699,0.0141,q,PD
5.0,1800,0.0,2.0,0.9887,-0.1269,0.951,-0.0565,0.0279,q,PD
5.5,1800,0.0,2.0,0.9874,-0.1252,0.953,-0.0634,0.0343,q,PD
2.5,1900,0.0,2.0,0.9795,-0.0793,0.8894,0.1153,0.0557,q,PD
3.0,1900,0.0,2.0,0.99,-0.0851,0.9186,0.0633,0.0282,q,PD
3.5,1900,0.0,2.0,1.01,-0.1418,0.9455,-0.0068,0.0305,q,PD
4.0,1900,0.0,2.0,1.0288,-0.1793,0.9776,-0.0717,0.0345,q,PD
4.5,1900,0.0,2.0,0.9579,-0.1122,0.9226,-0.0365,0.0308,q,PD
5.0,1900,0.0,2.0,0.9451,-0.0914,0.9153,-0.0303,0.0053,q,PD
5.5,1900,0.0,2.0,0.9109,-0.0561,0.8848,-0.0046,0.0062,q,PD
2.5,2000,0.0,2.0,0.9356,-0.0248,0.8425,0.1717,0.054,q,PD
3.0,2000,0.0,2.0,0.9697,-0.0776,0.8871,0.0912,0.0438,q,PD
3.5,2000,0.0,2.0,0.9628,-0.0782,0.8977,0.0536,0.0261,q,PD
4.0,2000,0.0,2.0,0.9745,-0.1024,0.9187,0.0068,0.0263,q,PD
4.5,2000,0.0,2.0,0.996,-0.1341,0.9501,-0.0469,0.0293,q,PD
5.0,2000,0.0,2.0,0.9493,-0.0995,0.9166,-0.034,0.0204,q,PD
5.5,2000,0.0,2.0,0.8832,-0.037,0.8594,0.0125,0.016,q,PD
2.5,2100,0.0,2.0,0.8767,0.0242,0.7717,0.2452,0.0554,q,PD
3.0,2100,0.0,2.0,0.929,-0.0304,0.8438,0.1407,0.0532,q,PD
3.5,2100,0.0,2.0,1.0004,-0.1157,0.9275,0.0262,0.0463,q,PD
4.0,2100,0.0,2.0,0.9689,-0.0879,0.9123,0.0203,0.0348,q,PD
4.5,2100,0.0,2.0,0.9622,-0.0981,0.9116,-0.0028,0.0348,q,PD
5.0,2100,0.0,2.0,0.9337,-0.0787,0.8935,-0.0038,0.0319,q,PD
5.5,2100,0.0,2.0,0.8817,-0.0305,0.8537,0.024,0.0196,q,PD
2.5,2200,0.0,2.0,0.8023,0.1277,0.7149,0.3146,0.0516,q,PD
3.0,2200,0.0,2.0,0.7959,0.1185,0.7212,0.273,0.0356,q,PD
3.5,2200,0.0,2.0,0.9227,-0.0296,0.8487,0.1125,0.059,q,PD
4.0,2200,0.0,2.0,0.9513,-0.0571,0.8942,0.049,0.0507,q,PD
4.5,2200,0.0,2.0,0.9206,-0.0352,0.8713,0.0559,0.0441,q,PD
5.0,2200,0.0,2.0,0.9249,-0.0649,0.8823,0.0128,0.0382,q,PD
5.5,2200,0.0,2.0,0.8888,-0.0396,0.8554,0.0225,0.0308,q,PD
2.5,2300,0.0,2.0,0.7666,0.2018,0.7021,0.3435,0.0522,q,PD
3.0,2300,0.0,2.0,0.7853,0.1448,0.7117,0.2945,0.0628,q,PD
3.5,2300,0.0,2.0,0.7919,0.1386,0.7358,0.2478,0.0558,q,PD
4.0,2300,0.0,2.0,0.8854,0.0203,0.828,0.1256,0.0641,q,PD
4.5,2300,0.0,2.0,0.8576,0.0475,0.8142,0.1282,0.0403,q,PD
5.0,2300,0.0,2.0,0.8368,0.0435,0.801,0.1093,0.0336,q,PD
5.5,2300,0.0,2.0,0.8103,0.0489,0.7803,0.1054,0.0185,q,PD
2.5,2400,0.0,2.0,0.6596,0.3839,0.6517,0.4198,0.0661,q,PD
3.0,2400,0.0,2.0,0.6636,0.3147,0.6253,0.4048,0.0228,q,PD
3.5,2400,0.0,2.0,0.6927,0.2664,0.6567,0.3435,0.0143,q,PD
4.0,2400,0.0,2.0,0.7226,0.2213,0.6896,0.2895,0.0085,q,PD
4.5,2400,0.0,2.0,0.7947,0.1349,0.7596,0.2002,0.0368,q,PD
5.0,2400,0.0,2.0,0.7579,0.1457,0.7326,0.1944,0.0141,q,PD
5.5,2400,0.0,2.0,0.7904,0.0899,0.7631,0.1403,0.0274,q,PD
2.5,2500,0.0,2.0,0.6455,0.4127,0.6419,0.445,0.0853,q,PD
3.0,2500,0.0,2.0,0.5634,0.4498,0.5537,0.4926,0.0989,q,PD
3.5,2500,0.0,2.0,0.5788,0.4019,0.562,0.4516,0.0629,q,PD
4.0,2500,0.0,2.0,0.6292,0.3319,0.6091,0.3804,0.0276,q,PD
4.5,2500,0.0,2.0,0.6634,0.2812,0.6454,0.322,0.0153,q,PD
5.0,2500,0.0,2.0,0.7027,0.2237,0.6857,0.2604,0.0135,q,PD
5.5,2500,0.0,2.0,0.7247,0.1784,0.7087,0.2116,0.003,q,PD
2.5,2600,0.0,2.0,0.6486,0.4029,0.6388,0.4516,0.0908,q,PD
3.0,2600,0.0,2.0,0.5439,0.4643,0.5257,0.5262,0.0901,q,PD
3.5,2600,0.0,2.0,0.4942,0.4824,0.478,0.5377,0.0893,q,PD
4.0,2600,0.0,2.0,0.5176,0.4428,0.5044,0.4859,0.0663,q,PD
4.5,2600,0.0,2.0,0.561,0.3867,0.5503,0.4198,0.0473,q,PD
5.0,2600,0.0,2.0,0.6163,0.3167,0.6052,0.3473,0.0386,q,PD
5.5,2600,0.0,2.0,0.6386,0.2777,0.6319,0.2987,0.0405,q,PD
2.5,2700,0.0,2.0,0.5965,0.4409,0.579,0.512,0.1107,q,PD
3.0,2700,0.0,2.0,0.5222,0.4811,0.5015,0.5509,0.0999,q,PD
3.5,2700,0.0,2.0,0.4296,0.5375,0.4129,0.5995,0.1144,q,PD
4.0,2700,0.0,2.0,0.4168,0.5307,0.407,0.5754,0.1041,q,PD
4.5,2700,0.0,2.0,0.4529,0.4854,0.4477,0.5156,0.0823,q,PD
5.0,2700,0.0,2.0,0.5011,0.4258,0.4975,0.4487,0.0693,q,PD
5.5,2700,0.0,2.0,0.5649,0.3482,0.5612,0.368,0.0614,q,PD
2.5,2800,0.0,2.0,0.5544,0.4706,0.5293,0.5649,0.1329,q,PD
3.0,2800,0.0,2.0,0.4976,0.4938,0.4703,0.5813,0.1148,q,PD
3.5,2800,0.0,2.0,0.3829,0.5648,0.3581,0.6488,0.1378,q,PD
4.0,2800,0.0,2.0,0.3434,0.5756,0.3286,0.6386,0.1439,q,PD
4.5,2800,0.0,2.0,0.3631,0.5487,0.3589,0.5856,0.1267,q,PD
5.0,2800,0.0,2.0,0.4078,0.4989,0.4091,0.5198,0.1064,q,PD
5.5,2800,0.0,2.0,0.4828,0.4199,0.4828,0.4372,0.0829,q,PD
2.5,2900,0.0,2.0,0.5181,0.4902,0.4826,0.6146,0.1588,q,PD
3.0,2900,0.0,2.0,0.4642,0.5069,0.4254,0.6244,0.1368,q,PD
3.5,2900,0.0,2.0,0.3668,0.566,0.333,0.6718,0.1499,q,PD
4.0,2900,0.0,2.0,0.3102,0.5866,0.2862,0.6723,0.1638,q,PD
4.5,2900,0.0,2.0,0.294,0.5775,0.2817,0.638,0.1674,q,PD
5.0,2900,0.0,2.0,0.3229,0.5507,0.3236,0.5809,0.15,q,PD
5.5,2900,0.0,2.0,0.3969,0.4793,0.4002,0.4963,0.115,q,PD
2.5,3000,0.0,2.0,0.4926,0.4951,0.4397,0.6674,0.1708,q,PD
3.0,3000,0.0,2.0,0.4325,0.51,0.3712,0.6834,0.1528,q,PD
3.5,3000,0.0,2.0,0.3579,0.5531,0.3101,0.6908,0.161,q,PD
4.0,3000,0.0,2.0,0.2889,0.5705,0.252,0.6843,0.1746,q,PD
4.5,3000,0.0,2.0,0.2687,0.5751,0.2498,0.6513,0.1815,q,PD
5.0,3000,0.0,2.0,0.2612,0.5698,0.2584,0.6129,0.1859,q,PD
5.5,3000,0.0,2.0,0.3143,0.528,0.3205,0.5462,0.1525,q,PD
2.5,1500,0.0,2.0,1.2826,-0.4088,1.2102,-0.2134,0.0975,r,PD
3.0,1500,0.0,2.0,1.1912,-0.3291,1.1173,-0.153,0.0973,r,PD
3.5,1500,0.0,2.0,1.2343,-0.3806,1.1642,-0.2298,0.0673,r,PD
4.0,1500,0.0,2.0,1.3245,-0.4584,1.2888,-0.3749,0.0988,r,PD
4.5,1500,0.0,2.0,1.7208,-0.8438,1.7864,-0.9145,0.2437,r,PD
5.0,1500,0.0,2.0,1.5871,-0.7052,1.5836,-0.6861,0.1324,r,PD
5.5,1500,0.0,2.0,1.3201,-0.465,1.3595,-0.505,0.1896,r,PD
2.5,1600,0.0,2.0,1.1659,-0.3028,1.0901,-0.0922,0.0607,r,PD
3.0,1600,0.0,2.0,1.1114,-0.2399,1.0284,-0.0471,0.0825,r,PD
3.5,1600,0.0,2.0,1.1465,-0.2799,1.0682,-0.1153,0.0844,r,PD
4.0,1600,0.0,2.0,1.1505,-0.2817,1.0798,-0.1449,0.088,r,PD
4.5,1600,0.0,2.0,1.2011,-0.3359,1.1558,-0.2477,0.0717,r,PD
5.0,1600,0.0,2.0,1.203,-0.3414,1.1683,-0.2742,0.079,r,PD
5.5,1600,0.0,2.0,1.2509,-0.3897,1.2423,-0.3637,0.1062,r,PD
2.5,1700,0.0,2.0,1.036,-0.177,0.9567,0.0468,0.0349,r,PD
3.0,1700,0.0,2.0,1.0663,-0.2038,0.9839,-0.0065,0.0458,r,PD
3.5,1700,0.0,2.0,1.0824,-0.2221,1.0065,-0.0561,0.057,r,PD
4.0,1700,0.0,2.0,1.0787,-0.2192,1.0125,-0.0847,0.0603,r,PD
4.5,1700,0.0,2.0,1.0295,-0.1666,0.9753,-0.0629,0.0666,r,PD
5.0,1700,0.0,2.0,1.0447,-0.1773,0.9958,-0.0891,0.0721,r,PD
5.5,1700,0.0,2.0,1.1249,-0.2561,1.0885,-0.1917,0.0741,r,PD
2.5,1800,0.0,2.0,1.0546,-0.1921,0.9671,0.0421,0.0376,r,PD
3.0,1800,0.0,2.0,1.0009,-0.1336,0.9318,0.0482,0.0194,r,PD
3.5,1800,0.0,2.0,0.999,-0.1466,0.9293,0.0143,0.024,r,PD
4.0,1800,0.0,2.0,0.9997,-0.1496,0.9423,-0.024,0.0205,r,PD
4.5,1800,0.0,2.0,1.0181,-0.1655,0.9716,-0.0699,0.0341,r,PD
5.0,1800,0.0,2.0,0.9931,-0.1377,0.951,-0.0565,0.0439,r,PD
5.5,1800,0.0,2.0,0.988,-0.1282,0.953,-0.0634,0.0483,r,PD
2.5,1900,0.0,2.0,0.9661,-0.1069,0.8894,0.1153,0.114,r,PD
3.0,1900,0.0,2.0,0.9975,-0.1289,0.9186,0.0633,0.0618,r,PD
3.5,1900,0.0,2.0,1.0153,-0.169,0.9455,-0.0068,0.0221,r,PD
4.0,1900,0.0,2.0,1.0309,-0.193,0.9776,-0.0717,0.025,r,PD
4.5,1900,0.0,2.0,0.9598,-0.1216,0.9226,-0.0365,0.0251,r,PD
5.0,1900,0.0,2.0,0.9496,-0.1027,0.9153,-0.0303,0.0106,r,PD
5.5,1900,0.0,2.0,0.9134,-0.0623,0.8848,-0.0046,0.0216,r,PD
2.5,2000,0.0,2.0,0.9285,-0.0652,0.8425,0.1717,0.1362,r,PD
3.0,2000,0.0,2.0,0.9675,-0.1052,0.8871,0.0912,0.0999,r,PD
3.5,2000,0.0,2.0,0.9696,-0.1086,0.8977,0.0536,0.054,r,PD
4.0,2000,0.0,2.0,0.9797,-0.1222,0.9187,0.0068,0.0525,r,PD
4.5,2000,0.0,2.0,1.0019,-0.1502,0.9501,-0.0469,0.0354,r,PD
5.0,2000,0.0,2.0,0.9531,-0.1096,0.9166,-0.034,0.0144,r,PD
5.5,2000,0.0,2.0,0.8858,-0.0436,0.8594,0.0125,0.0094,r,PD
2.5,2100,0.0,2.0,0.8605,-0.0008,0.7717,0.2452,0.193,r,PD
3.0,2100,0.0,2.0,0.9339,-0.071,0.8438,0.1407,0.112,r,PD
3.5,2100,0.0,2.0,1.0056,-0.1434,0.9275,0.0262,0.075,r,PD
4.0,2100,0.0,2.0,0.9778,-0.1143,0.9123,0.0203,0.0534,r,PD
4.5,2100,0.0,2.0,0.9685,-0.1152,0.9116,-0.0028,0.0446,r,PD
5.0,2100,0.0,2.0,0.9385,-0.0905,0.8935,-0.0038,0.0346,r,PD
5.5,2100,0.0,2.0,0.885,-0.0383,0.8537,0.024,0.0168,r,PD
2.5,2200,0.0,2.0,0.8599,-0.0339,0.7149,0.3146,0.1413,r,PD
3.0,2200,0.0,2.0,0.8118,0.0562,0.7212,0.273,0.1062,r,PD
3.5,2200,0.0,2.0,0.9326,-0.0663,0.8487,0.1125,0.1034,r,PD
4.0,2200,0.0,2.0,0.9652,-0.0923,0.8942,0.049,0.0756,r,PD
4.5,2200,0.0,2.0,0.9343,-0.0652,0.8713,0.0559,0.0656,r,PD
5.0,2200,0.0,2.0,0.9309,-0.0788,0.8823,0.0128,0.0463,r,PD
5.5,2200,0.0,2.0,0.8911,-0.0458,0.8554,0.0225,0.0325,r,PD
2.5,2300,0.0,2.0,0.8343,0.0193,0.7021,0.3435,0.1714,r,PD
3.0,2300,0.0,2.0,0.8448,0.0033,0.7117,0.2945,0.1585,r,PD
3.5,2300,0.0,2.0,0.8311,0.0481,0.7358,0.2478,0.122,r,PD
4.0,2300,0.0,2.0,0.8998,-0.0167,0.828,0.1256,0.1017,r,PD
4.5,2300,0.0,2.0,0.8732,0.0137,0.8142,0.1282,0.0673,r,PD
5.0,2300,0.0,2.0,0.847,0.0221,0.801,0.1093,0.0516,r,PD
5.5,2300,0.0,2.0,0.8149,0.0388,0.7803,0.1054,0.0267,r,PD
2.5,2400,0.0,2.0,0.7287,0.1878,0.6517,0.4198,0.1336,r,PD
3.0,2400,0.0,2.0,0.7309,0.1551,0.6253,0.4048,0.1545,r,PD
3.5,2400,0.0,2.0,0.7423,0.1552,0.6567,0.3435,0.1234,r,PD
4.0,2400,0.0,2.0,0.7518,0.1559,0.6896,0.2895,0.0702,r,PD
4.5,2400,0.0,2.0,0.809,0.1027,0.7596,0.2002,0.0758,r,PD
5.0,2400,0.0,2.0,0.7693,0.1217,0.7326,0.1944,0.038,r,PD
5.5,2400,0.0,2.0,0.798,0.0745,0.7631,0.1403,0.0424,r,PD
2.5,2500,0.0,2.0,0.6581,0.312,0.6419,0.445,0.0769,r,PD
3.0,2500,0.0,2.0,0.5993,0.338,0.5537,0.4926,0.0721,r,PD
3.5,2500,0.0,2.0,0.6114,0.3164,0.562,0.4516,0.0635,r,PD
4.0,2500,0.0,2.0,0.6559,0.2691,0.6091,0.3804,0.0445,r,PD
4.5,2500,0.0,2.0,0.6819,0.2399,0.6454,0.322,0.0338,r,PD
5.0,2500,0.0,2.0,0.7133,0.2004,0.6857,0.2604,0.0154,r,PD
5.5,2500,0.0,2.0,0.732,0.1633,0.7087,0.2116,0.0159,r,PD
2.5,2600,0.0,2.0,0.6748,0.26,0.6388,0.4516,0.0334,r,PD
3.0,2600,0.0,2.0,0.5642,0.3708,0.5257,0.5262,0.048,r,PD
3.5,2600,0.0,2.0,0.4887,0.461,0.478,0.5377,0.1032,r,PD
4.0,2600,0.0,2.0,0.5188,0.4223,0.5044,0.4859,0.0688,r,PD
4.5,2600,0.0,2.0,0.5655,0.3686,0.5503,0.4198,0.0394,r,PD
5.0,2600,0.0,2.0,0.6194,0.3053,0.6052,0.3473,0.0303,r,PD
5.5,2600,0.0,2.0,0.6402,0.2715,0.6319,0.2987,0.0333,r,PD
2.5,2700,0.0,2.0,0.6219,0.2924,0.579,0.512,0.051,r,PD
3.0,2700,0.0,2.0,0.5428,0.3833,0.5015,0.5509,0.0562,r,PD
3.5,2700,0.0,2.0,0.4391,0.4837,0.4129,0.5995,0.0877,r,PD
4.0,2700,0.0,2.0,0.4206,0.5022,0.407,0.5754,0.0896,r,PD
4.5,2700,0.0,2.0,0.4567,0.4663,0.4477,0.5156,0.0698,r,PD
5.0,2700,0.0,2.0,0.4972,0.4257,0.4975,0.4487,0.0772,r,PD
5.5,2700,0.0,2.0,0.5598,0.3531,0.5612,0.368,0.0704,r,PD
2.5,2800,0.0,2.0,0.5666,0.3392,0.5293,0.5649,0.0943,r,PD
3.0,2800,0.0,2.0,0.5078,0.4109,0.4703,0.5813,0.0913,r,PD
3.5,2800,0.0,2.0,0.3887,0.513,0.3581,0.6488,0.1143,r,PD
4.0,2800,0.0,2.0,0.3402,0.5566,0.3286,0.6386,0.1366,r,PD
4.5,2800,0.0,2.0,0.3579,0.5437,0.3589,0.5856,0.1271,r,PD
5.0,2800,0.0,2.0,0.4016,0.5017,0.4091,0.5198,0.112,r,PD
5.5,2800,0.0,2.0,0.4769,0.4254,0.4828,0.4372,0.0913,r,PD
2.5,2900,0.0,2.0,0.5308,0.3468,0.4826,0.6146,0.112,r,PD
3.0,2900,0.0,2.0,0.4704,0.4242,0.4254,0.6244,0.1166,r,PD
3.5,2900,0.0,2.0,0.363,0.5277,0.333,0.6718,0.1468,r,PD
4.0,2900,0.0,2.0,0.3035,0.5704,0.2862,0.6723,0.1607,r,PD
4.5,2900,0.0,2.0,0.2812,0.583,0.2817,0.638,0.1776,r,PD
5.0,2900,0.0,2.0,0.3118,0.5604,0.3236,0.5809,0.1617,r,PD
5.5,2900,0.0,2.0,0.3906,0.4847,0.4002,0.4963,0.1206,r,PD
2.5,3000,0.0,2.0,0.4769,0.3914,0.4397,0.6674,0.1728,r,PD
3.0,3000,0.0,2.0,0.43,0.431,0.3712,0.6834,0.1459,r,PD
3.5,3000,0.0,2.0,0.3509,0.5159,0.3101,0.6908,0.1642,r,PD
4.0,3000,0.0,2.0,0.2769,0.5639,0.252,0.6843,0.1817,r,PD
4.5,3000,0.0,2.0,0.2517,0.5877,0.2498,0.6513,0.1994,r,PD
5.0,3000,0.0,2.0,0.2435,0.5905,0.2584,0.6129,0.2085,r,PD
5.5,3000,0.0,2.0,0.3042,0.5396,0.3205,0.5462,0.1632,r,PD
2.5,2300,0.0,2.0,0.3685,0.5069,0.2997,0.6911,0.1762,q,PC
3.0,2300,0.0,2.0,0.3895,0.4724,0.3425,0.6024,0.1609,q,PC
3.5,2300,0.0,2.0,0.4372,0.4266,0.406,0.5174,0.136,q,PC
4.0,2300,0.0,2.0,0.4846,0.3947,0.4707,0.4445,0.111,q,PC
4.5,2300,0.0,2.0,0.5084,0.3663,0.4986,0.4044,0.0903,q,PC
5.0,2300,0.0,2.0,0.5221,0.3406,0.5213,0.3601,0.0898,q,PC
5.5,2300,0.0,2.0,0.4723,0.3571,0.4763,0.3689,0.1045,q,PC
6.0,2300,0.0,2.0,0.4487,0.3688,0.4587,0.3695,0.1181,q,PC
2.5,2400,0.0,2.0,0.3279,0.5202,0.2453,0.7367,0.1905,q,PC
3.0,2400,0.0,2.0,0.3381,0.4957,0.28,0.6518,0.1732,q,PC
3.5,2400,0.0,2.0,0.3753,0.473,0.3431,0.5703,0.1584,q,PC
4.0,2400,0.0,2.0,0.4303,0.4394,0.4181,0.4896,0.129,q,PC
4.5,2400,0.0,2.0,0.4859,0.4011,0.4808,0.4315,0.0976,q,PC
5.0,2400,0.0,2.0,0.4759,0.4064,0.4802,0.4174,0.0941,q,PC
5.5,2400,0.0,2.0,0.4665,0.3962,0.4746,0.3996,0.0992,q,PC
6.0,2400,0.0,2.0,0.4443,0.3961,0.4576,0.3907,0.1129,q,PC
2.5,2500,0.0,2.0,0.2995,0.5208,0.1999,0.7758,0.2034,q,PC
3.0,2500,0.0,2.0,0.291,0.5076,0.2168,0.7001,0.1867,q,PC
3.5,2500,0.0,2.0,0.3129,0.5033,0.2728,0.6208,0.1795,q,PC
4.0,2500,0.0,2.0,0.3577,0.4856,0.3442,0.5439,0.159,q,PC
4.5,2500,0.0,2.0,0.4166,0.4546,0.4147,0.484,0.1282,q,PC
5.0,2500,0.0,2.0,0.4723,0.4172,0.4777,0.4262,0.096,q,PC
5.5,2500,0.0,2.0,0.4326,0.4481,0.4468,0.4423,0.1071,q,PC
6.0,2500,0.0,2.0,0.4235,0.4328,0.4406,0.4214,0.1176,q,PC
2.5,2600,0.0,2.0,0.2916,0.5145,0.1817,0.7932,0.214,q,PC
3.0,2600,0.0,2.0,0.2604,0.5062,0.1682,0.7381,0.194,q,PC
3.5,2600,0.0,2.0,0.2626,0.5157,0.2077,0.6668,0.1958,q,PC
4.0,2600,0.0,2.0,0.2903,0.515,0.2691,0.5934,0.1853,q,PC
4.5,2600,0.0,2.0,0.3363,0.5091,0.337,0.5396,0.1643,q,PC
5.0,2600,0.0,2.0,0.3858,0.489,0.3979,0.4918,0.1351,q,PC
5.5,2600,0.0,2.0,0.4373,0.4517,0.4512,0.4459,0.1039,q,PC
6.0,2600,0.0,2.0,0.4559,0.4296,0.4723,0.4175,0.0971,q,PC
2.5,2700,0.0,2.0,0.3023,0.4981,0.183,0.7976,0.2066,q,PC
3.0,2700,0.0,2.0,0.2446,0.5012,0.1389,0.763,0.1991,q,PC
3.5,2700,0.0,2.0,0.2292,0.5121,0.1578,0.6986,0.2037,q,PC
4.0,2700,0.0,2.0,0.2396,0.5223,0.206,0.6289,0.203,q,PC
4.5,2700,0.0,2.0,0.2636,0.5363,0.2593,0.5824,0.1983,q,PC
5.0,2700,0.0,2.0,0.3025,0.5408,0.3177,0.5445,0.1768,q,PC
5.5,2700,0.0,2.0,0.347,0.5211,0.3686,0.508,0.1492,q,PC
6.0,2700,0.0,2.0,0.4272,0.4242,0.4155,0.4658,0.0773,q,PC
2.5,2800,0.0,2.0,0.3267,0.4821,0.2061,0.785,0.1987,q,PC
3.0,2800,0.0,2.0,0.2399,0.5006,0.1269,0.7793,0.2075,q,PC
3.5,2800,0.0,2.0,0.2089,0.5054,0.1228,0.7235,0.208,q,PC
4.0,2800,0.0,2.0,0.2053,0.5153,0.1562,0.6551,0.2113,q,PC
4.5,2800,0.0,2.0,0.2164,0.5335,0.1999,0.6068,0.2166,q,PC
5.0,2800,0.0,2.0,0.2423,0.5479,0.252,0.5674,0.2105,q,PC
5.5,2800,0.0,2.0,0.2755,0.5493,0.3006,0.536,0.1962,q,PC
2.5,2900,0.0,2.0,0.3507,0.4801,0.2438,0.7541,0.2133,q,PC
3.0,2900,0.0,2.0,0.2489,0.4926,0.1345,0.7738,0.2039,q,PC
3.5,2900,0.0,2.0,0.2025,0.4948,0.1066,0.7331,0.2048,q,PC
4.0,2900,0.0,2.0,0.1859,0.5026,0.1271,0.6625,0.2135,q,PC
4.5,2900,0.0,2.0,0.1863,0.5198,0.1598,0.6141,0.2236,q,PC
5.0,2900,0.0,2.0,0.1998,0.5387,0.2016,0.5762,0.229,q,PC
5.5,2900,0.0,2.0,0.2275,0.552,0.2491,0.5496,0.2248,q,PC
6.0,2900,0.0,2.0,0.2702,0.5468,0.3018,0.5216,0.2018,q,PC
2.5,3000,0.0,2.0,0.4018,0.4459,0.2996,0.7064,0.1811,q,PC
3.0,3000,0.0,2.0,0.2654,0.4844,0.1582,0.7492,0.2011,q,PC
3.5,3000,0.0,2.0,0.2018,0.4909,0.1094,0.7219,0.2108,q,PC
4.0,3000,0.0,2.0,0.1764,0.4908,0.1125,0.6609,0.2144,q,PC
4.5,3000,0.0,2.0,0.1693,0.5023,0.1326,0.6171,0.2244,q,PC
5.5,3000,0.0,2.0,0.1933,0.5347,0.2085,0.5462,0.2396,q,PC
6.0,3000,0.0,2.0,0.223,0.543,0.2539,0.522,0.2304,q,PC
2.5,3100,0.0,2.0,0.477,0.4006,0.3903,0.6244,0.166,q,PC
3.0,3100,0.0,2.0,0.2884,0.4757,0.1875,0.7269,0.1982,q,PC
3.5,3100,0.0,2.0,0.2131,0.4819,0.1178,0.7188,0.2074,q,PC
4.0,3100,0.0,2.0,0.1758,0.4812,0.1066,0.6622,0.215,q,PC
4.5,3100,0.0,2.0,0.1621,0.4852,0.1173,0.6158,0.2214,q,PC
5.0,3100,0.0,2.0,0.1606,0.4974,0.1454,0.5684,0.2322,q,PC
5.5,3100,0.0,2.0,0.1709,0.5136,0.1788,0.5393,0.2429,q,PC
6.0,3100,0.0,2.0,0.1894,0.5286,0.2149,0.5196,0.2452,q,PC
2.5,3200,0.0,2.0,0.4573,0.3914,0.3584,0.6454,0.2009,q,PC
3.0,3200,0.0,2.0,0.3305,0.4512,0.2334,0.6938,0.1894,q,PC
3.5,3200,0.0,2.0,0.2355,0.4668,0.1353,0.7134,0.2006,q,PC
4.0,3200,0.0,2.0,0.1874,0.466,0.1092,0.6643,0.2076,q,PC
4.5,3200,0.0,2.0,0.1618,0.47,0.1085,0.617,0.2169,q,PC
5.0,3200,0.0,2.0,0.1533,0.4776,0.1298,0.5642,0.2263,q,PC
5.5,3200,0.0,2.0,0.1567,0.492,0.1569,0.532,0.2383,q,PC
6.0,3200,0.0,2.0,0.1711,0.5075,0.1905,0.5097,0.2438,q,PC
2.5,3300,0.0,2.0,0.467,0.3612,0.3491,0.661,0.2077,q,PC
3.0,3300,0.0,2.0,0.3756,0.4071,0.2719,0.6637,0.1898,q,PC
3.5,3300,0.0,2.0,0.2632,0.4472,0.163,0.6939,0.2035,q,PC
4.0,3300,0.0,2.0,0.205,0.4477,0.1209,0.6571,0.1998,q,PC
4.5,3300,0.0,2.0,0.171,0.4514,0.1098,0.6127,0.2055,q,PC
5.0,3300,0.0,2.0,0.1529,0.4604,0.1211,0.5625,0.2175,q,PC
5.5,3300,0.0,2.0,0.1496,0.472,0.1423,0.5255,0.228,q,PC
6.0,3300,0.0,2.0,0.1543,0.4899,0.1671,0.5041,0.2388,q,PC
2.5,3400,0.0,2.0,0.4705,0.3374,0.3396,0.6688,0.2383,q,PC
3.0,3400,0.0,2.0,0.4023,0.348,0.2783,0.6474,0.202,q,PC
3.5,3400,0.0,2.0,0.3037,0.3998,0.194,0.6633,0.1839,q,PC
4.0,3400,0.0,2.0,0.2271,0.4253,0.1393,0.6407,0.1911,q,PC
4.5,3400,0.0,2.0,0.1819,0.4364,0.1163,0.6052,0.1973,q,PC
5.0,3400,0.0,2.0,0.1555,0.4459,0.1168,0.5606,0.2078,q,PC
5.5,3400,0.0,2.0,0.1442,0.4583,0.1315,0.5213,0.2192,q,PC
6.0,3400,0.0,2.0,0.1401,0.4779,0.1481,0.5011,0.2334,q,PC
2.5,3500,0.0,2.0,0.5016,0.2768,0.3472,0.6581,0.2187,q,PC
3.0,3500,0.0,2.0,0.4598,0.2736,0.32,0.603,0.1729,q,PC
3.5,3500,0.0,2.0,0.3449,0.3477,0.2259,0.6279,0.1738,q,PC
4.0,3500,0.0,2.0,0.2536,0.3933,0.1591,0.62,0.1746,q,PC
4.5,3500,0.0,2.0,0.1959,0.4178,0.125,0.5959,0.185,q,PC
5.0,3500,0.0,2.0,0.1604,0.4325,0.1163,0.5566,0.1975,q,PC
5.5,3500,0.0,2.0,0.1394,0.4478,0.1223,0.5185,0.2116,q,PC
6.0,3500,0.0,2.0,0.1293,0.4665,0.1332,0.497,0.2285,q,PC
2.5,3600,0.0,2.0,0.5324,0.2372,0.3698,0.6348,0.219,q,PC
3.0,3600,0.0,2.0,0.5251,0.1949,0.3719,0.5484,0.1491,q,PC
3.5,3600,0.0,2.0,0.4001,0.2854,0.271,0.5828,0.1433,q,PC
4.0,3600,0.0,2.0,0.2865,0.3586,0.1867,0.5933,0.1571,q,PC
4.5,3600,0.0,2.0,0.2125,0.3984,0.1365,0.5847,0.1711,q,PC
5.0,3600,0.0,2.0,0.1671,0.4201,0.1184,0.552,0.1862,q,PC
5.5,3600,0.0,2.0,0.139,0.438,0.1182,0.5151,0.2023,q,PC
6.0,3600,0.0,2.0,0.1198,0.4593,0.1203,0.496,0.2235,q,PC
2.5,3700,0.0,2.0,0.5624,0.2059,0.3946,0.6121,0.1962,q,PC
3.0,3700,0.0,2.0,0.5627,0.1516,0.4031,0.517,0.1308,q,PC
3.5,3700,0.0,2.0,0.4622,0.2268,0.3295,0.5279,0.1224,q,PC
4.0,3700,0.0,2.0,0.329,0.3207,0.2264,0.5584,0.1391,q,PC
4.5,3700,0.0,2.0,0.2315,0.3808,0.1528,0.5709,0.1597,q,PC
5.0,3700,0.0,2.0,0.1737,0.4118,0.1222,0.5482,0.1777,q,PC
5.5,3700,0.0,2.0,0.139,0.4303,0.1153,0.5123,0.1942,q,PC
6.0,3700,0.0,2.0,0.1152,0.4527,0.1134,0.4936,0.2178,q,PC
2.5,3800,0.0,2.0,0.5833,0.1816,0.4068,0.6034,0.1383,q,PC
3.0,3800,0.0,2.0,0.5789,0.1392,0.4177,0.5061,0.1122,q,PC
3.5,3800,0.0,2.0,0.5138,0.1844,0.3815,0.4817,0.106,q,PC
4.0,3800,0.0,2.0,0.3809,0.2823,0.2796,0.5145,0.1243,q,PC
4.5,3800,0.0,2.0,0.2581,0.3609,0.1785,0.5512,0.1484,q,PC
5.0,3800,0.0,2.0,0.1828,0.4015,0.1289,0.5416,0.1696,q,PC
5.5,3800,0.0,2.0,0.14,0.4242,0.1144,0.5092,0.1885,q,PC
6.0,3800,0.0,2.0,0.1126,0.4451,0.1084,0.4902,0.2122,q,PC
2.5,3900,0.0,2.0,0.5718,0.2059,0.403,0.6111,0.1446,q,PC
3.0,3900,0.0,2.0,0.5797,0.1409,0.4163,0.5109,0.0938,q,PC
3.5,3900,0.0,2.0,0.5608,0.1375,0.4232,0.4418,0.0829,q,PC
4.0,3900,0.0,2.0,0.4293,0.2388,0.3257,0.4729,0.107,q,PC
4.5,3900,0.0,2.0,0.2946,0.3316,0.2141,0.5215,0.1346,q,PC
5.0,3900,0.0,2.0,0.1991,0.3902,0.1447,0.5307,0.163,q,PC
5.5,3900,0.0,2.0,0.1448,0.4156,0.1176,0.5031,0.1827,q,PC
6.0,3900,0.0,2.0,0.1131,0.4365,0.1064,0.4855,0.2057,q,PC
2.5,4000,0.0,2.0,0.5595,0.2153,0.3868,0.6286,0.1236,q,PC
3.0,4000,0.0,2.0,0.5648,0.1617,0.405,0.5246,0.0982,q,PC
3.5,4000,0.0,2.0,0.5678,0.1357,0.4334,0.4337,0.0871,q,PC
4.0,4000,0.0,2.0,0.4764,0.2025,0.3734,0.4329,0.0933,q,PC
4.5,4000,0.0,2.0,0.339,0.2994,0.2602,0.4841,0.1256,q,PC
5.0,4000,0.0,2.0,0.226,0.3679,0.1704,0.5091,0.1542,q,PC
5.5,4000,0.0,2.0,0.1569,0.4038,0.1283,0.4931,0.1762,q,PC
6.0,4000,0.0,2.0,0.1188,0.4219,0.1091,0.4757,0.1959,q,PC
2.5,4100,0.0,2.0,0.5456,0.2213,0.3667,0.6477,0.1095,q,PC
3.0,4100,0.0,2.0,0.5468,0.1797,0.3876,0.5419,0.102,q,PC
3.5,4100,0.0,2.0,0.5505,0.1543,0.4182,0.4488,0.0922,q,PC
4.0,4100,0.0,2.0,0.5164,0.1702,0.4128,0.399,0.0814,q,PC
4.5,4100,0.0,2.0,0.3955,0.2618,0.3189,0.4391,0.1094,q,PC
5.0,4100,0.0,2.0,0.2673,0.3371,0.211,0.4777,0.1415,q,PC
5.5,4100,0.0,2.0,0.1783,0.3879,0.1492,0.4772,0.1697,q,PC
6.0,4100,0.0,2.0,0.1287,0.4111,0.1175,0.4669,0.1891,q,PC
2.5,4200,0.0,2.0,0.529,0.231,0.3465,0.6654,0.1109,q,PC
3.0,4200,0.0,2.0,0.5304,0.1909,0.3693,0.5575,0.1045,q,PC
3.5,4200,0.0,2.0,0.536,0.1638,0.4017,0.4623,0.091,q,PC
4.0,4200,0.0,2.0,0.5369,0.1494,0.4318,0.3802,0.0815,q,PC
4.5,4200,0.0,2.0,0.4429,0.2201,0.3648,0.3974,0.0964,q,PC
5.0,4200,0.0,2.0,0.3163,0.3025,0.2603,0.4401,0.1292,q,PC
5.5,4200,0.0,2.0,0.216,0.3515,0.1824,0.4463,0.1485,q,PC
6.0,4200,0.0,2.0,0.1468,0.3947,0.1335,0.4532,0.1794,q,PC
2.5,4300,0.0,2.0,0.512,0.2422,0.3271,0.6817,0.1152,q,PC
3.0,4300,0.0,2.0,0.5172,0.1959,0.3518,0.5711,0.099,q,PC
3.5,4300,0.0,2.0,0.5218,0.1719,0.3857,0.4744,0.0913,q,PC
4.0,4300,0.0,2.0,0.5255,0.1538,0.419,0.3883,0.085,q,PC
4.5,4300,0.0,2.0,0.4834,0.1895,0.405,0.3646,0.0843,q,PC
5.0,4300,0.0,2.0,0.3713,0.2687,0.3163,0.4013,0.1136,q,PC
5.5,4300,0.0,2.0,0.2551,0.3385,0.2252,0.4255,0.1479,q,PC
6.0,4300,0.0,2.0,0.1735,0.3746,0.1583,0.4349,0.1683,q,PC
2.5,4400,0.0,2.0,0.4951,0.2532,0.3083,0.697,0.1191,q,PC
3.0,4400,0.0,2.0,0.5029,0.2035,0.3353,0.5829,0.099,q,PC
3.5,4400,0.0,2.0,0.5081,0.1789,0.3697,0.4861,0.0917,q,PC
4.0,4400,0.0,2.0,0.5143,0.1598,0.4062,0.3975,0.0851,q,PC
4.5,4400,0.0,2.0,0.5098,0.1592,0.4274,0.3401,0.077,q,PC
5.0,4400,0.0,2.0,0.4223,0.2217,0.3625,0.3598,0.0919,q,PC
5.5,4400,0.0,2.0,0.3054,0.3008,0.2733,0.3891,0.131,q,PC
6.0,4400,0.0,2.0,0.207,0.3605,0.1925,0.4181,0.1596,q,PC
2.5,4500,0.0,2.0,0.4794,0.2623,0.2902,0.7112,0.1228,q,PC
3.0,4500,0.0,2.0,0.489,0.2085,0.3183,0.5943,0.098,q,PC
3.5,4500,0.0,2.0,0.4942,0.1866,0.3537,0.4982,0.0917,q,PC
4.0,4500,0.0,2.0,0.5021,0.1649,0.3912,0.4083,0.0819,q,PC
4.5,4500,0.0,2.0,0.5037,0.1581,0.4203,0.3414,0.0794,q,PC
5.0,4500,0.0,2.0,0.4589,0.199,0.3991,0.3346,0.0818,q,PC
5.5,4500,0.0,2.0,0.3558,0.2717,0.3233,0.358,0.1153,q,PC
6.0,4500,0.0,2.0,0.2506,0.3297,0.2337,0.3894,0.1437,q,PC
2.5,4600,0.0,2.0,0.4649,0.2692,0.2725,0.7251,0.1255,q,PC
3.0,4600,0.0,2.0,0.4739,0.2197,0.3026,0.6071,0.1012,q,PC
3.5,4600,0.0,2.0,0.4802,0.1941,0.3374,0.5107,0.0923,q,PC
4.0,4600,0.0,2.0,0.4884,0.1727,0.3758,0.4198,0.0823,q,PC
4.5,4600,0.0,2.0,0.4913,0.1645,0.4064,0.3508,0.078,q,PC
5.0,4600,0.0,2.0,0.4827,0.1727,0.4188,0.314,0.0738,q,PC
5.5,4600,0.0,2.0,0.4014,0.2348,0.3646,0.3256,0.0946,q,PC
6.0,4600,0.0,2.0,0.2966,0.3008,0.2782,0.361,0.1297,q,PC
2.5,4700,0.0,2.0,0.4534,0.2702,0.255,0.7387,0.125,q,PC
3.0,4700,0.0,2.0,0.461,0.225,0.2866,0.6191,0.1022,q,PC
3.5,4700,0.0,2.0,0.4666,0.2011,0.3213,0.5232,0.0934,q,PC
4.0,4700,0.0,2.0,0.475,0.1798,0.3605,0.4311,0.0825,q,PC
4.5,4700,0.0,2.0,0.4776,0.1729,0.3912,0.3624,0.0787,q,PC
5.0,4700,0.0,2.0,0.4794,0.1702,0.4141,0.3144,0.076,q,PC
5.5,4700,0.0,2.0,0.4341,0.2126,0.3948,0.3055,0.0816,q,PC
6.0,4700,0.0,2.0,0.3403,0.278,0.3207,0.3378,0.1147,q,PC
2.5,4800,0.0,2.0,0.4416,0.2763,0.2397,0.7529,0.1278,q,PC
3.0,4800,0.0,2.0,0.4469,0.233,0.2698,0.6337,0.109,q,PC
3.5,4800,0.0,2.0,0.4539,0.2067,0.3056,0.5356,0.0941,q,PC
4.0,4800,0.0,2.0,0.4612,0.1879,0.3451,0.443,0.0853,q,PC
4.5,4800,0.0,2.0,0.4642,0.1807,0.3759,0.3743,0.0792,q,PC
5.0,4800,0.0,2.0,0.4697,0.1744,0.4031,0.3218,0.0768,q,PC
5.5,4800,0.0,2.0,0.4574,0.187,0.4133,0.2865,0.0687,q,PC
6.0,4800,0.0,2.0,0.3818,0.2435,0.3568,0.3097,0.0905,q,PC
2.5,4900,0.0,2.0,0.4307,0.2796,0.2227,0.7708,0.1287,q,PC
3.0,4900,0.0,2.0,0.4356,0.2367,0.2528,0.6503,0.1091,q,PC
3.5,4900,0.0,2.0,0.4421,0.2114,0.2898,0.5488,0.0949,q,PC
4.0,4900,0.0,2.0,0.4495,0.1914,0.3298,0.4539,0.0843,q,PC
4.5,4900,0.0,2.0,0.4508,0.1887,0.3599,0.3881,0.0797,q,PC
5.0,4900,0.0,2.0,0.4563,0.1826,0.388,0.3338,0.0772,q,PC
5.5,4900,0.0,2.0,0.4547,0.1847,0.4101,0.2856,0.0743,q,PC
6.0,4900,0.0,2.0,0.404,0.2331,0.3779,0.2998,0.086,q,PC
2.5,5100,0.0,2.0,0.4152,0.2817,0.187,0.8255,0.1283,q,PC
3.0,5100,0.0,2.0,0.4201,0.2343,0.2154,0.6982,0.106,q,PC
3.5,5100,0.0,2.0,0.4253,0.2077,0.2487,0.5986,0.0909,q,PC
4.0,5100,0.0,2.0,0.421,0.2031,0.2852,0.5,0.0853,q,PC
4.5,5100,0.0,2.0,0.4244,0.1961,0.316,0.4324,0.0792,q,PC
5.0,5100,0.0,2.0,0.4282,0.1925,0.3523,0.3593,0.0769,q,PC
5.5,5100,0.0,2.0,0.435,0.185,0.3767,0.314,0.0719,q,PC
6.0,5100,0.0,2.0,0.4216,0.2013,0.3865,0.2825,0.072,q,PC
2.5,5200,0.0,2.0,0.4083,0.2825,0.1761,0.8356,0.128,q,PC
3.0,5200,0.0,2.0,0.4128,0.235,0.2041,0.7076,0.1051,q,PC
3.5,5200,0.0,2.0,0.4179,0.2078,0.2375,0.6069,0.0903,q,PC
4.0,5200,0.0,2.0,0.411,0.2061,0.2717,0.5103,0.0851,q,PC
4.5,5200,0.0,2.0,0.4136,0.1999,0.303,0.4408,0.0793,q,PC
5.0,5200,0.0,2.0,0.4164,0.1975,0.3391,0.3673,0.0772,q,PC
5.5,5200,0.0,2.0,0.4229,0.1908,0.3635,0.3222,0.0721,q,PC
6.0,5200,0.0,2.0,0.4114,0.207,0.376,0.289,0.0737,q,PC
2.5,5300,0.0,2.0,0.3987,0.2865,0.1612,0.853,0.128,q,PC
3.0,5300,0.0,2.0,0.4075,0.2321,0.1932,0.7164,0.1021,q,PC
3.5,5300,0.0,2.0,0.4013,0.2202,0.2177,0.6261,0.0902,q,PC
4.0,5300,0.0,2.0,0.402,0.2082,0.259,0.5204,0.0844,q,PC
4.5,5300,0.0,2.0,0.4036,0.2028,0.2906,0.4486,0.0792,q,PC
5.0,5300,0.0,2.0,0.4058,0.2007,0.3266,0.3743,0.0766,q,PC
5.5,5300,0.0,2.0,0.4071,0.2029,0.3472,0.3354,0.0737,q,PC
6.0,5300,0.0,2.0,0.3987,0.2125,0.3614,0.2983,0.0725,q,PC
2.5,5400,0.0,2.0,0.3928,0.2878,0.1515,0.8632,0.1277,q,PC
3.0,5400,0.0,2.0,0.3998,0.2341,0.1814,0.7279,0.1019,q,PC
3.5,5400,0.0,2.0,0.3952,0.2193,0.2073,0.634,0.0878,q,PC
4.0,5400,0.0,2.0,0.3943,0.2089,0.2467,0.5305,0.0831,q,PC
4.5,5400,0.0,2.0,0.3947,0.2049,0.2792,0.4559,0.0785,q,PC
5.0,5400,0.0,2.0,0.3968,0.2011,0.3152,0.3795,0.0745,q,PC
5.5,5400,0.0,2.0,0.3842,0.2167,0.3226,0.3531,0.074,q,PC
6.0,5400,0.0,2.0,0.3854,0.2189,0.3469,0.3076,0.0725,q,PC
2.5,5500,0.0,2.0,0.3859,0.2899,0.1376,0.8844,0.1247,q,PC
3.0,5500,0.0,2.0,0.3884,0.2405,0.1606,0.7574,0.1022,q,PC
3.5,5500,0.0,2.0,0.387,0.2228,0.1954,0.6456,0.0882,q,PC
4.0,5500,0.0,2.0,0.3861,0.2114,0.2337,0.5433,0.0832,q,PC
4.5,5500,0.0,2.0,0.3862,0.2061,0.2681,0.4625,0.0783,q,PC
5.0,5500,0.0,2.0,0.3876,0.2035,0.3041,0.3857,0.0741,q,PC
5.5,5500,0.0,2.0,0.372,0.2222,0.3092,0.3612,0.075,q,PC
6.0,5500,0.0,2.0,0.3727,0.2247,0.3325,0.3169,0.0726,q,PC
2.5,5600,0.0,2.0,0.3783,0.294,0.1248,0.9028,0.1233,q,PC
3.0,5600,0.0,2.0,0.3797,0.2481,0.1484,0.7726,0.1002,q,PC
3.5,5600,0.0,2.0,0.3801,0.2248,0.1855,0.6543,0.0883,q,PC
4.0,5600,0.0,2.0,0.3789,0.2128,0.223,0.5521,0.0829,q,PC
4.5,5600,0.0,2.0,0.3785,0.2075,0.258,0.4688,0.0776,q,PC
5.0,5600,0.0,2.0,0.3632,0.221,0.2779,0.407,0.0743,q,PC
5.5,5600,0.0,2.0,0.3609,0.2252,0.2959,0.3686,0.0732,q,PC
6.0,5600,0.0,2.0,0.3604,0.2298,0.3187,0.3252,0.0725,q,PC
2.5,5700,0.0,2.0,0.3704,0.2985,0.1126,0.9185,0.1199,q,PC
3.0,5700,0.0,2.0,0.3739,0.249,0.1369,0.7868,0.0991,q,PC
3.5,5700,0.0,2.0,0.3741,0.2255,0.1759,0.6626,0.0878,q,PC
4.0,5700,0.0,2.0,0.3726,0.2129,0.2133,0.5595,0.0811,q,PC
4.5,5700,0.0,2.0,0.371,0.2094,0.2485,0.4747,0.0777,q,PC
5.0,5700,0.0,2.0,0.3536,0.2239,0.2663,0.4139,0.0737,q,PC
5.5,5700,0.0,2.0,0.3502,0.2287,0.2837,0.3752,0.0727,q,PC
6.0,5700,0.0,2.0,0.349,0.234,0.3056,0.3328,0.0722,q,PC
2.5,5800,0.0,2.0,0.3622,0.3078,0.1007,0.9388,0.1172,q,PC
3.0,5800,0.0,2.0,0.3661,0.2532,0.1249,0.8012,0.1002,q,PC
3.5,5800,0.0,2.0,0.3704,0.2275,0.1677,0.6749,0.0878,q,PC
4.0,5800,0.0,2.0,0.3662,0.214,0.2041,0.5664,0.0811,q,PC
4.5,5800,0.0,2.0,0.3495,0.2247,0.2247,0.4948,0.0776,q,PC
5.0,5800,0.0,2.0,0.3444,0.2266,0.2551,0.4207,0.0734,q,PC
5.5,5800,0.0,2.0,0.3402,0.2317,0.2722,0.3812,0.0722,q,PC
6.0,5800,0.0,2.0,0.3384,0.2373,0.2933,0.3395,0.0716,q,PC
2.5,5900,0.0,2.0,0.3539,0.3109,0.0872,0.9558,0.1154,q,PC
3.0,5900,0.0,2.0,0.3594,0.2554,0.1143,0.8123,0.0998,q,PC
3.5,5900,0.0,2.0,0.3596,0.2317,0.1545,0.6846,0.0916,q,PC
4.0,5900,0.0,2.0,0.3599,0.215,0.1952,0.5728,0.0809,q,PC
4.5,5900,0.0,2.0,0.3454,0.2253,0.219,0.4986,0.0764,q,PC
5.0,5900,0.0,2.0,0.3359,0.2288,0.2444,0.4274,0.0731,q,PC
5.5,5900,0.0,2.0,0.3347,0.2324,0.2655,0.3843,0.0712,q,PC
6.0,5900,0.0,2.0,0.3287,0.2396,0.2818,0.3454,0.0707,q,PC
2.5,6000,0.0,2.0,0.3484,0.3103,0.0786,0.9613,0.1149,q,PC
3.0,6000,0.0,2.0,0.3534,0.2565,0.1045,0.822,0.0988,q,PC
3.5,6000,0.0,2.0,0.354,0.2321,0.1441,0.6958,0.0907,q,PC
4.0,6000,0.0,2.0,0.354,0.2157,0.1868,0.5787,0.0808,q,PC
4.5,6000,0.0,2.0,0.3345,0.2282,0.2058,0.5064,0.0772,q,PC
5.0,6000,0.0,2.0,0.3283,0.23,0.2342,0.434,0.0724,q,PC
5.5,6000,0.0,2.0,0.3229,0.2352,0.2518,0.3908,0.0707,q,PC
6.0,6000,0.0,2.0,0.3223,0.2406,0.2745,0.3484,0.0699,q,PC
2.5,6100,0.0,2.0,0.3381,0.3177,0.0613,0.9911,0.1135,q,PC
3.0,6100,0.0,2.0,0.3468,0.2586,0.0947,0.8317,0.0988,q,PC
3.5,6100,0.0,2.0,0.3494,0.2332,0.1342,0.7091,0.0902,q,PC
4.0,6100,0.0,2.0,0.3507,0.2158,0.1817,0.5825,0.0803,q,PC
4.5,6100,0.0,2.0,0.3276,0.2297,0.1967,0.5121,0.0769,q,PC
5.0,6100,0.0,2.0,0.3237,0.2306,0.2276,0.4385,0.0717,q,PC
5.5,6100,0.0,2.0,0.3148,0.237,0.2425,0.3953,0.0706,q,PC
6.0,6100,0.0,2.0,0.2964,0.2582,0.2483,0.3676,0.0713,q,PC
2.5,6200,0.0,2.0,0.3339,0.3162,0.0554,0.9911,0.113,q,PC
3.0,6200,0.0,2.0,0.3398,0.2612,0.0845,0.8418,0.0987,q,PC
3.5,6200,0.0,2.0,0.3425,0.2339,0.1228,0.7197,0.0903,q,PC
4.0,6200,0.0,2.0,0.3451,0.216,0.1738,0.5877,0.0802,q,PC
4.5,6200,0.0,2.0,0.3216,0.2301,0.1886,0.5169,0.0763,q,PC
5.0,6200,0.0,2.0,0.3166,0.2318,0.2178,0.4453,0.0714,q,PC
5.5,6200,0.0,2.0,0.2945,0.2519,0.2222,0.4109,0.0722,q,PC
6.0,6200,0.0,2.0,0.2815,0.2641,0.2323,0.3763,0.073,q,PC
2.5,6300,0.0,2.0,0.3217,0.3251,0.036,1.023,0.112,q,PC
3.0,6300,0.0,2.0,0.333,0.2637,0.0741,0.8525,0.0979,q,PC
3.5,6300,0.0,2.0,0.3374,0.2348,0.111,0.7357,0.0885,q,PC
4.0,6300,0.0,2.0,0.3383,0.2164,0.1642,0.5939,0.0804,q,PC
4.5,6300,0.0,2.0,0.3174,0.2305,0.1824,0.5216,0.0755,q,PC
5.0,6300,0.0,2.0,0.3089,0.2314,0.2054,0.4545,0.0707,q,PC
5.5,6300,0.0,2.0,0.2821,0.2566,0.2091,0.4177,0.0737,q,PC
6.0,6300,0.0,2.0,0.2714,0.2675,0.2207,0.3829,0.0736,q,PC
2.5,6400,0.0,2.0,0.3181,0.3235,0.0312,1.0213,0.1119,q,PC
3.0,6400,0.0,2.0,0.3257,0.2667,0.0623,0.8664,0.0976,q,PC
3.5,6400,0.0,2.0,0.3309,0.2359,0.1008,0.7454,0.0885,q,PC
4.0,6400,0.0,2.0,0.3332,0.2167,0.1569,0.599,0.0802,q,PC
4.5,6400,0.0,2.0,0.3115,0.2298,0.1727,0.5286,0.0751,q,PC
5.0,6400,0.0,2.0,0.303,0.2325,0.1968,0.4614,0.0717,q,PC
5.5,6400,0.0,2.0,0.2727,0.2584,0.1981,0.4227,0.0739,q,PC
6.0,6400,0.0,2.0,0.2621,0.27,0.21,0.3887,0.0742,q,PC
2.5,6500,0.0,2.0,0.31,0.3271,0.0191,1.0354,0.1115,q,PC
3.0,6500,0.0,2.0,0.3182,0.2701,0.0498,0.8823,0.0978,q,PC
3.5,6500,0.0,2.0,0.3237,0.2388,0.0891,0.7586,0.0884,q,PC
4.0,6500,0.0,2.0,0.3276,0.218,0.149,0.6053,0.0804,q,PC
4.5,6500,0.0,2.0,0.3079,0.2295,0.1649,0.5376,0.0747,q,PC
5.0,6500,0.0,2.0,0.2982,0.2322,0.1884,0.4685,0.0715,q,PC
5.5,6500,0.0,2.0,0.2674,0.2591,0.1919,0.4253,0.0737,q,PC
6.0,6500,0.0,2.0,0.2555,0.2692,0.2014,0.3917,0.0737,q,PC
2.5,6600,0.0,2.0,0.3022,0.3279,0.0066,1.0469,0.1104,q,PC
3.0,6600,0.0,2.0,0.3107,0.2732,0.0372,0.898,0.0978,q,PC
3.5,6600,0.0,2.0,0.3176,0.2406,0.0806,0.7657,0.0885,q,PC
4.0,6600,0.0,2.0,0.3215,0.2192,0.1384,0.6164,0.0798,q,PC
4.5,6600,0.0,2.0,0.3014,0.231,0.1527,0.5511,0.0746,q,PC
5.0,6600,0.0,2.0,0.2939,0.2316,0.1807,0.475,0.0713,q,PC
5.5,6600,0.0,2.0,0.2603,0.2596,0.1834,0.4288,0.0736,q,PC
6.0,6600,0.0,2.0,0.248,0.2704,0.1923,0.3963,0.0738,q,PC
2.5,6700,0.0,2.0,0.2895,0.3402,-0.0043,1.0555,0.1285,q,PC
3.0,6700,0.0,2.0,0.3034,0.2759,0.0257,0.9109,0.0974,q,PC
3.5,6700,0.0,2.0,0.3089,0.2445,0.0681,0.778,0.0884,q,PC
4.0,6700,0.0,2.0,0.3158,0.2206,0.1262,0.6322,0.08,q,PC
4.5,6700,0.0,2.0,0.2969,0.2312,0.1422,0.5639,0.0742,q,PC
5.0,6700,0.0,2.0,0.2895,0.2314,0.1732,0.4813,0.071,q,PC
5.5,6700,0.0,2.0,0.2553,0.2596,0.1772,0.4311,0.0733,q,PC
6.0,6700,0.0,2.0,0.2415,0.2712,0.1843,0.4001,0.0738,q,PC
2.5,6800,0.0,2.0,0.2783,0.344,-0.0229,1.0791,0.1269,q,PC
3.0,6800,0.0,2.0,0.2962,0.2775,0.0146,0.9212,0.0963,q,PC
3.5,6800,0.0,2.0,0.3011,0.2475,0.0575,0.7874,0.0889,q,PC
4.0,6800,0.0,2.0,0.3096,0.2225,0.1134,0.6489,0.08,q,PC
4.5,6800,0.0,2.0,0.293,0.2308,0.1337,0.5734,0.0739,q,PC
5.0,6800,0.0,2.0,0.2856,0.2312,0.1666,0.4867,0.0703,q,PC
5.5,6800,0.0,2.0,0.2506,0.2596,0.1714,0.4333,0.0729,q,PC
6.0,6800,0.0,2.0,0.2357,0.2715,0.1772,0.4031,0.0738,q,PC
2.5,6900,0.0,2.0,0.2712,0.3457,-0.0325,1.0858,0.1296,q,PC
3.0,6900,0.0,2.0,0.2888,0.2795,0.0033,0.9323,0.0957,q,PC
3.5,6900,0.0,2.0,0.2964,0.2488,0.0515,0.7914,0.0889,q,PC
4.0,6900,0.0,2.0,0.3026,0.2256,0.1018,0.6623,0.0814,q,PC
4.5,6900,0.0,2.0,0.2892,0.2305,0.1261,0.5813,0.0738,q,PC
5.0,6900,0.0,2.0,0.2816,0.2312,0.1604,0.491,0.0704,q,PC
5.5,6900,0.0,2.0,0.2466,0.2593,0.1662,0.4353,0.0725,q,PC
6.0,6900,0.0,2.0,0.2305,0.2714,0.1708,0.4055,0.0735,q,PC
2.5,7000,0.0,2.0,0.2653,0.3476,-0.0389,1.0869,0.1323,q,PC
3.0,7000,0.0,2.0,0.2818,0.2804,-0.0074,0.9414,0.0954,q,PC
3.5,7000,0.0,2.0,0.2894,0.2507,0.0417,0.7996,0.0886,q,PC
4.0,7000,0.0,2.0,0.2961,0.2276,0.0913,0.6732,0.0817,q,PC
4.5,7000,0.0,2.0,0.2847,0.231,0.1198,0.5857,0.0739,q,PC
5.0,7000,0.0,2.0,0.2779,0.2307,0.1552,0.4937,0.0707,q,PC
5.5,7000,0.0,2.0,0.2424,0.2592,0.1609,0.4376,0.0722,q,PC
6.0,7000,0.0,2.0,0.2258,0.2713,0.165,0.4076,0.0732,q,PC
2.5,7200,0.0,2.0,0.2488,0.3512,-0.0637,1.1104,0.1348,q,PC
3.0,7200,0.0,2.0,0.2663,0.2837,-0.0313,0.9643,0.0965,q,PC
3.5,7200,0.0,2.0,0.276,0.2529,0.0224,0.815,0.0872,q,PC
4.0,7200,0.0,2.0,0.2801,0.2331,0.0683,0.6945,0.0825,q,PC
4.5,7200,0.0,2.0,0.2757,0.2311,0.1072,0.5938,0.0745,q,PC
5.0,7200,0.0,2.0,0.2702,0.2298,0.1447,0.4987,0.0705,q,PC
5.5,7200,0.0,2.0,0.2357,0.258,0.1492,0.4465,0.0715,q,PC
6.0,7200,0.0,2.0,0.2179,0.2704,0.1551,0.4104,0.0724,q,PC
2.5,7400,0.0,2.0,0.234,0.356,-0.0834,1.1263,0.1407,q,PC
3.0,7400,0.0,2.0,0.2515,0.2881,-0.0514,0.9807,0.0981,q,PC
3.5,7400,0.0,2.0,0.2605,0.2581,0.0002,0.835,0.0878,q,PC
4.0,7400,0.0,2.0,0.2683,0.2357,0.0522,0.7059,0.0812,q,PC
4.5,7400,0.0,2.0,0.2438,0.2464,0.0703,0.6206,0.0773,q,PC
5.0,7400,0.0,2.0,0.2619,0.2305,0.1341,0.5044,0.0707,q,PC
5.5,7400,0.0,2.0,0.2288,0.2574,0.1315,0.4684,0.071,q,PC
6.0,7400,0.0,2.0,0.2109,0.2692,0.1466,0.4125,0.0718,q,PC
2.5,7600,0.0,2.0,0.2188,0.3618,-0.1052,1.1488,0.1472,q,PC
3.0,7600,0.0,2.0,0.2359,0.2922,-0.0749,1.0036,0.1006,q,PC
3.5,7600,0.0,2.0,0.2458,0.2616,-0.0235,0.8594,0.0893,q,PC
4.0,7600,0.0,2.0,0.2353,0.2551,0.013,0.739,0.0812,q,PC
4.5,7600,0.0,2.0,0.2559,0.2329,0.0805,0.6107,0.0758,q,PC
5.0,7600,0.0,2.0,0.254,0.2299,0.1233,0.51,0.0718,q,PC
5.5,7600,0.0,2.0,0.2222,0.2569,0.1183,0.4814,0.0707,q,PC
6.0,7600,0.0,2.0,0.2043,0.2687,0.1383,0.4152,0.0708,q,PC
2.5,7800,0.0,2.0,0.2047,0.3641,-0.1234,1.1569,0.1486,q,PC
3.0,7800,0.0,2.0,0.2214,0.2969,-0.0974,1.028,0.1031,q,PC
3.5,7800,0.0,2.0,0.2217,0.2718,-0.0611,0.9013,0.0913,q,PC
4.0,7800,0.0,2.0,0.2396,0.2457,0.0144,0.7357,0.0811,q,PC
4.5,7800,0.0,2.0,0.2448,0.2339,0.0627,0.6262,0.0755,q,PC
5.0,7800,0.0,2.0,0.2448,0.2304,0.105,0.5301,0.0732,q,PC
5.5,7800,0.0,2.0,0.2162,0.2555,0.1092,0.4864,0.0709,q,PC
6.0,7800,0.0,2.0,0.1987,0.2672,0.131,0.417,0.0705,q,PC
2.5,8000,0.0,2.0,0.1929,0.3691,-0.1436,1.1877,0.1569,q,PC
3.0,8000,0.0,2.0,0.2074,0.3033,-0.1168,1.0483,0.1118,q,PC
3.5,8000,0.0,2.0,0.216,0.27,-0.0759,0.9217,0.0948,q,PC
4.0,8000,0.0,2.0,0.2273,0.2465,-0.0055,0.754,0.0834,q,PC
4.5,8000,0.0,2.0,0.2331,0.2353,0.0366,0.6597,0.0765,q,PC
5.0,8000,0.0,2.0,0.2355,0.2307,0.0852,0.5537,0.0747,q,PC
5.5,8000,0.0,2.0,0.2013,0.2473,0.0901,0.488,0.0758,q,PC
6.0,8000,0.0,2.0,0.1933,0.2654,0.1205,0.4257,0.0704,q,PC
2.5,8200,0.0,2.0,0.1814,0.3822,-0.1569,1.2117,0.1763,q,PC
3.0,8200,0.0,2.0,0.1961,0.3058,-0.1351,1.0676,0.1147,q,PC
3.5,8200,0.0,2.0,0.2039,0.271,-0.0977,0.9451,0.0963,q,PC
4.0,8200,0.0,2.0,0.2147,0.2467,-0.0356,0.7941,0.086,q,PC
4.5,8200,0.0,2.0,0.221,0.2358,0.0132,0.6848,0.0779,q,PC
5.0,8200,0.0,2.0,0.2254,0.2286,0.067,0.5686,0.0731,q,PC
5.5,8200,0.0,2.0,0.1953,0.2466,0.0825,0.4908,0.0771,q,PC
6.0,8200,0.0,2.0,0.1866,0.2657,0.1059,0.4423,0.0712,q,PC
2.5,8400,0.0,2.0,0.1741,0.3912,-0.1692,1.2459,0.1896,q,PC
3.0,8400,0.0,2.0,0.1883,0.3059,-0.1539,1.0968,0.1169,q,PC
3.5,8400,0.0,2.0,0.1943,0.2707,-0.1139,0.9596,0.0979,q,PC
4.0,8400,0.0,2.0,0.2042,0.2456,-0.0573,0.8186,0.0886,q,PC
4.5,8400,0.0,2.0,0.2093,0.2355,-0.004,0.6968,0.0807,q,PC
5.0,8400,0.0,2.0,0.2149,0.2288,0.0528,0.577,0.0748,q,PC
5.5,8400,0.0,2.0,0.1949,0.2431,0.0811,0.4895,0.0781,q,PC
6.0,8400,0.0,2.0,0.1827,0.262,0.0951,0.4531,0.0723,q,PC
2.5,8600,0.0,2.0,0.1678,0.4012,-0.1753,1.2614,0.2031,q,PC
3.0,8600,0.0,2.0,0.1829,0.3066,-0.171,1.1296,0.1188,q,PC
3.5,8600,0.0,2.0,0.1872,0.2693,-0.1319,0.9845,0.0987,q,PC
4.0,8600,0.0,2.0,0.1911,0.2468,-0.0786,0.8375,0.0885,q,PC
4.5,8600,0.0,2.0,0.1983,0.235,-0.0194,0.7061,0.0834,q,PC
5.0,8600,0.0,2.0,0.2042,0.2284,0.0389,0.5836,0.077,q,PC
5.5,8600,0.0,2.0,0.2084,0.2261,0.0921,0.4766,0.074,q,PC
6.0,8600,0.0,2.0,0.1793,0.2578,0.0889,0.4549,0.0741,q,PC
2.5,8800,0.0,2.0,0.1605,0.4181,-0.1784,1.2783,0.2222,q,PC
3.0,8800,0.0,2.0,0.1788,0.3096,-0.1798,1.1461,0.1206,q,PC
3.5,8800,0.0,2.0,0.1821,0.2687,-0.1544,1.0273,0.099,q,PC
4.0,8800,0.0,2.0,0.1838,0.2463,-0.0914,0.8493,0.0899,q,PC
4.5,8800,0.0,2.0,0.1887,0.2337,-0.0339,0.7156,0.0848,q,PC
5.0,8800,0.0,2.0,0.1933,0.2273,0.0248,0.5899,0.0798,q,PC
5.5,8800,0.0,2.0,0.1994,0.2241,0.0807,0.4802,0.0752,q,PC
6.0,8800,0.0,2.0,0.1753,0.2537,0.0832,0.4544,0.0757,q,PC
2.5,9000,0.0,2.0,0.1692,0.4017,-0.1811,1.2996,0.1671,q,PC
3.0,9000,0.0,2.0,0.1748,0.3151,-0.1893,1.1704,0.1241,q,PC
3.5,9000,0.0,2.0,0.1786,0.2684,-0.1632,1.0398,0.0987,q,PC
4.0,9000,0.0,2.0,0.1791,0.2436,-0.1084,0.8747,0.0897,q,PC
4.5,9000,0.0,2.0,0.1796,0.2326,-0.0612,0.7545,0.0845,q,PC
5.0,9000,0.0,2.0,0.1849,0.2245,0.0122,0.5962,0.0812,q,PC
5.5,9000,0.0,2.0,0.1893,0.2233,0.0636,0.4945,0.0776,q,PC
6.0,9000,0.0,2.0,0.173,0.2473,0.0795,0.4512,0.0777,q,PC
2.5,9200,0.0,2.0,0.1622,0.4195,-0.1819,1.309,0.1811,q,PC
3.0,9200,0.0,2.0,0.1746,0.3136,-0.1979,1.1933,0.1153,q,PC
3.5,9200,0.0,2.0,0.1754,0.2695,-0.1688,1.0464,0.0993,q,PC
4.0,9200,0.0,2.0,0.1748,0.2433,-0.1253,0.9041,0.0904,q,PC
4.5,9200,0.0,2.0,0.174,0.2313,-0.0786,0.7796,0.0852,q,PC
5.0,9200,0.0,2.0,0.1766,0.2239,-0.0118,0.6296,0.0829,q,PC
5.5,9200,0.0,2.0,0.18,0.2209,0.038,0.5268,0.0794,q,PC
6.0,9200,0.0,2.0,0.1729,0.2368,0.0772,0.4453,0.0771,q,PC
2.5,9400,0.0,2.0,0.1534,0.4409,-0.1828,1.3233,0.2001,q,PC
3.0,9400,0.0,2.0,0.1705,0.3206,-0.2027,1.2048,0.1185,q,PC
3.5,9400,0.0,2.0,0.1721,0.2726,-0.1759,1.0602,0.1009,q,PC
4.0,9400,0.0,2.0,0.1714,0.2437,-0.1347,0.9185,0.091,q,PC
4.5,9400,0.0,2.0,0.1701,0.23,-0.0876,0.7893,0.0856,q,PC
5.0,9400,0.0,2.0,0.1693,0.2225,-0.0314,0.6543,0.0825,q,PC
5.5,9400,0.0,2.0,0.173,0.2188,0.0251,0.5373,0.081,q,PC
6.0,9400,0.0,2.0,0.1673,0.2272,0.0696,0.4405,0.0814,q,PC
2.5,9600,0.0,2.0,0.1437,0.4632,-0.1842,1.338,0.2216,q,PC
3.0,9600,0.0,2.0,0.1656,0.3285,-0.2067,1.2126,0.1227,q,PC
3.5,9600,0.0,2.0,0.1687,0.2764,-0.1867,1.0847,0.1024,q,PC
4.0,9600,0.0,2.0,0.1687,0.2447,-0.1396,0.9245,0.0914,q,PC
4.5,9600,0.0,2.0,0.1669,0.2313,-0.0923,0.7942,0.0867,q,PC
5.0,9600,0.0,2.0,0.1644,0.2221,-0.0403,0.6627,0.0835,q,PC
5.5,9600,0.0,2.0,0.1663,0.2184,0.0164,0.5412,0.0825,q,PC
6.0,9600,0.0,2.0,0.169,0.2189,0.0696,0.4356,0.0823,q,PC
2.5,9800,0.0,2.0,0.1324,0.4875,-0.1865,1.3482,0.2477,q,PC
3.0,9800,0.0,2.0,0.1601,0.3375,-0.2114,1.2228,0.128,q,PC
3.5,9800,0.0,2.0,0.1648,0.2815,-0.195,1.1025,0.1048,q,PC
4.0,9800,0.0,2.0,0.1655,0.2473,-0.1435,0.929,0.0928,q,PC
4.5,9800,0.0,2.0,0.1631,0.2314,-0.0978,0.7981,0.0875,q,PC
5.0,9800,0.0,2.0,0.1606,0.2217,-0.046,0.6665,0.0842,q,PC
5.5,9800,0.0,2.0,0.1593,0.2181,0.0073,0.5453,0.0833,q,PC
6.0,9800,0.0,2.0,0.1624,0.2174,0.0616,0.4373,0.0841,q,PC
2.5,10000,0.0,2.0,0.1211,0.5102,-0.1894,1.3573,0.2728,q,PC
3.0,10000,0.0,2.0,0.154,0.3467,-0.2182,1.2382,0.1346,q,PC
3.5,10000,0.0,2.0,0.1605,0.2868,-0.2006,1.1122,0.1074,q,PC
4.0,10000,0.0,2.0,0.1621,0.2508,-0.1469,0.9329,0.0948,q,PC
4.5,10000,0.0,2.0,0.1602,0.2331,-0.1015,0.8017,0.0887,q,PC
5.0,10000,0.0,2.0,0.1571,0.2224,-0.0507,0.6699,0.0853,q,PC
5.5,10000,0.0,2.0,0.1549,0.218,0.0018,0.5477,0.0845,q,PC
6.0,10000,0.0,2.0,0.1575,0.2159,0.0555,0.4385,0.0856,q,PC
2.5,10200,0.0,2.0,0.1087,0.5342,-0.1927,1.3703,0.3009,q,PC
3.0,10200,0.0,2.0,0.1467,0.3573,-0.2263,1.2566,0.1445,q,PC
3.5,10200,0.0,2.0,0.1561,0.2924,-0.2055,1.12,0.11,q,PC
4.0,10200,0.0,2.0,0.1588,0.2544,-0.1503,0.9371,0.0964,q,PC
4.5,10200,0.0,2.0,0.1573,0.2352,-0.1048,0.8048,0.09,q,PC
5.0,10200,0.0,2.0,0.1539,0.2237,-0.0546,0.6728,0.0865,q,PC
5.5,10200,0.0,2.0,0.151,0.2186,-0.0031,0.5503,0.0858,q,PC
6.0,10200,0.0,2.0,0.152,0.2158,0.0486,0.4415,0.0867,q,PC
2.5,10400,0.0,2.0,0.0964,0.5566,-0.197,1.383,0.3278,q,PC
3.0,10400,0.0,2.0,0.1388,0.3678,-0.2339,1.2707,0.1573,q,PC
3.5,10400,0.0,2.0,0.1512,0.2978,-0.2105,1.1264,0.1131,q,PC
4.0,10400,0.0,2.0,0.1552,0.2583,-0.1542,0.9421,0.0982,q,PC
4.5,10400,0.0,2.0,0.1543,0.238,-0.108,0.8083,0.0914,q,PC
5.0,10400,0.0,2.0,0.151,0.2254,-0.0579,0.6754,0.0878,q,PC
5.5,10400,0.0,2.0,0.1474,0.2196,-0.0072,0.5528,0.0872,q,PC
6.0,10400,0.0,2.0,0.1459,0.217,0.0395,0.449,0.0876,q,PC
2.5,10600,0.0,2.0,0.0852,0.5753,-0.2021,1.393,0.3511,q,PC
3.0,10600,0.0,2.0,0.1307,0.3778,-0.2411,1.281,0.1721,q,PC
3.5,10600,0.0,2.0,0.146,0.3026,-0.2159,1.1326,0.1162,q,PC
4.0,10600,0.0,2.0,0.1512,0.2621,-0.1588,0.9479,0.1002,q,PC
4.5,10600,0.0,2.0,0.1512,0.241,-0.1113,0.8122,0.093,q,PC
5.0,10600,0.0,2.0,0.1481,0.2275,-0.0609,0.6781,0.0892,q,PC
5.5,10600,0.0,2.0,0.1442,0.221,-0.0107,0.555,0.0887,q,PC
6.0,10600,0.0,2.0,0.1421,0.2177,0.0308,0.4602,0.089,q,PC
2.5,10800,0.0,2.0,0.0748,0.5912,-0.208,1.4022,0.3722,q,PC
3.0,10800,0.0,2.0,0.1228,0.3864,-0.2484,1.2902,0.1878,q,PC
3.5,10800,0.0,2.0,0.1408,0.3069,-0.2221,1.1398,0.1194,q,PC
4.0,10800,0.0,2.0,0.147,0.2659,-0.1675,0.9629,0.1023,q,PC
4.5,10800,0.0,2.0,0.1479,0.244,-0.1148,0.8157,0.0946,q,PC
5.0,10800,0.0,2.0,0.1453,0.2299,-0.0639,0.6812,0.0906,q,PC
5.5,10800,0.0,2.0,0.1411,0.2228,-0.0139,0.5574,0.0902,q,PC
6.0,10800,0.0,2.0,0.1387,0.2187,0.0238,0.4688,0.0904,q,PC
2.5,11000,0.0,2.0,0.0949,0.5372,-0.2142,1.4106,0.2817,q,PC
3.0,11000,0.0,2.0,0.1153,0.3935,-0.256,1.2994,0.2024,q,PC
3.5,11000,0.0,2.0,0.1355,0.3107,-0.2305,1.1525,0.1227,q,PC
4.0,11000,0.0,2.0,0.1426,0.2695,-0.1819,0.9915,0.1043,q,PC
4.5,11000,0.0,2.0,0.1444,0.2471,-0.1218,0.8272,0.0962,q,PC
5.0,11000,0.0,2.0,0.1424,0.2322,-0.0668,0.6837,0.092,q,PC
5.5,11000,0.0,2.0,0.1383,0.2248,-0.017,0.5599,0.0917,q,PC
6.0,11000,0.0,2.0,0.1354,0.2201,0.0183,0.4752,0.0918,q,PC
2.5,11200,0.0,2.0,0.0883,0.5437,-0.2203,1.4188,0.2942,q,PC
3.0,11200,0.0,2.0,0.1088,0.3989,-0.2637,1.3097,0.215,q,PC
3.5,11200,0.0,2.0,0.1306,0.3133,-0.2433,1.1777,0.1254,q,PC
4.0,11200,0.0,2.0,0.1381,0.2727,-0.1942,1.0141,0.1062,q,PC
4.5,11200,0.0,2.0,0.1406,0.2502,-0.1388,0.8612,0.0979,q,PC
5.0,11200,0.0,2.0,0.1394,0.2346,-0.0702,0.6871,0.0934,q,PC
5.5,11200,0.0,2.0,0.1357,0.2263,-0.0198,0.5621,0.0925,q,PC
6.0,11200,0.0,2.0,0.1328,0.2245,0.0134,0.4848,0.094,q,PC
2.5,11400,0.0,2.0,0.0823,0.5502,-0.2253,1.4271,0.3049,q,PC
3.0,11400,0.0,2.0,0.1028,0.4027,-0.2726,1.3244,0.2256,q,PC
3.5,11400,0.0,2.0,0.1272,0.3062,-0.2485,1.171,0.1257,q,PC
4.0,11400,0.0,2.0,0.1338,0.2741,-0.2012,1.022,0.1077,q,PC
4.5,11400,0.0,2.0,0.1368,0.2527,-0.1507,0.8825,0.0993,q,PC
5.0,11400,0.0,2.0,0.1364,0.237,-0.074,0.6917,0.0948,q,PC
5.5,11400,0.0,2.0,0.1334,0.2312,-0.021,0.5652,0.0947,q,PC
6.0,11400,0.0,2.0,0.1299,0.2262,0.0095,0.4887,0.0953,q,PC
2.5,11600,0.0,2.0,0.0777,0.5547,-0.2292,1.4353,0.3131,q,PC
3.0,11600,0.0,2.0,0.0981,0.4043,-0.2817,1.3416,0.2334,q,PC
3.5,11600,0.0,2.0,0.1231,0.3057,-0.2585,1.186,0.1276,q,PC
4.0,11600,0.0,2.0,0.1311,0.265,-0.2069,1.0179,0.1052,q,PC
4.5,11600,0.0,2.0,0.1331,0.254,-0.1568,0.8895,0.1004,q,PC
5.0,11600,0.0,2.0,0.1339,0.2296,-0.0799,0.6908,0.092,q,PC
5.5,11600,0.0,2.0,0.1303,0.2297,-0.0261,0.568,0.0947,q,PC
6.0,11600,0.0,2.0,0.1271,0.2279,0.0048,0.4946,0.0965,q,PC
2.5,11800,0.0,2.0,0.0734,0.5594,-0.2322,1.4433,0.32,q,PC
3.0,11800,0.0,2.0,0.0939,0.4056,-0.2894,1.3547,0.2399,q,PC
3.5,11800,0.0,2.0,0.1182,0.3125,-0.2727,1.2211,0.1303,q,PC
4.0,11800,0.0,2.0,0.1276,0.2639,-0.2147,1.0263,0.1054,q,PC
4.5,11800,0.0,2.0,0.1295,0.2543,-0.1626,0.8946,0.1011,q,PC
5.0,11800,0.0,2.0,0.131,0.2296,-0.0843,0.6939,0.0923,q,PC
5.5,11800,0.0,2.0,0.1282,0.2342,-0.0281,0.5726,0.0965,q,PC
6.0,11800,0.0,2.0,0.1247,0.2292,0.0025,0.4959,0.0974,q,PC
2.5,12000,0.0,2.0,0.0697,0.5636,-0.2346,1.4503,0.3263,q,PC
3.0,12000,0.0,2.0,0.0902,0.4054,-0.2967,1.3655,0.2458,q,PC
3.5,12000,0.0,2.0,0.1151,0.3103,-0.2804,1.23,0.1305,q,PC
4.0,12000,0.0,2.0,0.1244,0.2619,-0.2218,1.0331,0.1053,q,PC
4.5,12000,0.0,2.0,0.1262,0.2536,-0.1684,0.8991,0.1013,q,PC
5.0,12000,0.0,2.0,0.1283,0.2289,-0.0899,0.6995,0.0923,q,PC
5.5,12000,0.0,2.0,0.1258,0.235,-0.0342,0.5813,0.0969,q,PC
6.0,12000,0.0,2.0,0.1221,0.2303,-0.0022,0.5016,0.0981,q,PC
2.5,2300,0.0,2.0,0.3675,0.4548,0.2997,0.6911,0.1574,r,PC
3.0,2300,0.0,2.0,0.3556,0.5033,0.3425,0.6024,0.2293,r,PC
3.5,2300,0.0,2.0,0.4194,0.44,0.406,0.5174,0.168,r,PC
4.0,2300,0.0,2.0,0.4794,0.3934,0.4707,0.4445,0.1132,r,PC
4.5,2300,0.0,2.0,0.5062,0.3636,0.4986,0.4044,0.0885,r,PC
5.0,2300,0.0,2.0,0.5189,0.3422,0.5213,0.3601,0.0913,r,PC
5.5,2300,0.0,2.0,0.4663,0.365,0.4763,0.3689,0.1142,r,PC
6.0,2300,0.0,2.0,0.4425,0.3778,0.4587,0.3695,0.1284,r,PC
2.5,2400,0.0,2.0,0.3181,0.4825,0.2453,0.7367,0.1907,r,PC
3.0,2400,0.0,2.0,0.3232,0.4905,0.28,0.6518,0.1869,r,PC
3.5,2400,0.0,2.0,0.3434,0.5106,0.3431,0.5703,0.2246,r,PC
4.0,2400,0.0,2.0,0.4167,0.4526,0.4181,0.4896,0.1508,r,PC
4.5,2400,0.0,2.0,0.4811,0.4028,0.4808,0.4315,0.1003,r,PC
5.0,2400,0.0,2.0,0.4724,0.4084,0.4802,0.4174,0.0949,r,PC
5.5,2400,0.0,2.0,0.4622,0.4012,0.4746,0.3996,0.1033,r,PC
6.0,2400,0.0,2.0,0.4391,0.4033,0.4576,0.3907,0.12,r,PC
2.5,2500,0.0,2.0,0.2807,0.4971,0.1999,0.7758,0.2242,r,PC
3.0,2500,0.0,2.0,0.2662,0.5185,0.2168,0.7001,0.2243,r,PC
3.5,2500,0.0,2.0,0.2934,0.5173,0.2728,0.6208,0.2051,r,PC
4.0,2500,0.0,2.0,0.3305,0.5219,0.3442,0.5439,0.2141,r,PC
4.5,2500,0.0,2.0,0.4037,0.4703,0.4147,0.484,0.1478,r,PC
5.0,2500,0.0,2.0,0.4671,0.4223,0.4777,0.4262,0.1002,r,PC
5.5,2500,0.0,2.0,0.4274,0.4545,0.4468,0.4423,0.1114,r,PC
6.0,2500,0.0,2.0,0.4178,0.4408,0.4406,0.4214,0.1246,r,PC
2.5,2600,0.0,2.0,0.2654,0.5016,0.1817,0.7932,0.251,r,PC
3.0,2600,0.0,2.0,0.2259,0.5326,0.1682,0.7381,0.2584,r,PC
3.5,2600,0.0,2.0,0.2412,0.5312,0.2077,0.6668,0.2228,r,PC
4.0,2600,0.0,2.0,0.2681,0.541,0.2691,0.5934,0.2181,r,PC
4.5,2600,0.0,2.0,0.3107,0.5463,0.337,0.5396,0.2164,r,PC
5.0,2600,0.0,2.0,0.3742,0.5048,0.3979,0.4918,0.1497,r,PC
5.5,2600,0.0,2.0,0.431,0.46,0.4512,0.4459,0.1103,r,PC
6.0,2600,0.0,2.0,0.4512,0.4361,0.4723,0.4175,0.1017,r,PC
2.5,2700,0.0,2.0,0.2794,0.4761,0.183,0.7976,0.2371,r,PC
3.0,2700,0.0,2.0,0.2154,0.5164,0.1389,0.763,0.2497,r,PC
3.5,2700,0.0,2.0,0.1998,0.5407,0.1578,0.6986,0.2528,r,PC
4.0,2700,0.0,2.0,0.2135,0.5541,0.206,0.6289,0.243,r,PC
4.5,2700,0.0,2.0,0.242,0.5652,0.2593,0.5824,0.2303,r,PC
5.0,2700,0.0,2.0,0.2788,0.5769,0.3177,0.5445,0.2227,r,PC
5.5,2700,0.0,2.0,0.3334,0.5418,0.3686,0.508,0.1683,r,PC
6.0,2700,0.0,2.0,0.3835,0.4992,0.4155,0.4658,0.1401,r,PC
2.5,2800,0.0,2.0,0.3081,0.4484,0.2061,0.785,0.2197,r,PC
3.0,2800,0.0,2.0,0.203,0.5267,0.1269,0.7793,0.2803,r,PC
3.5,2800,0.0,2.0,0.1819,0.5283,0.1228,0.7235,0.2503,r,PC
4.0,2800,0.0,2.0,0.1716,0.5594,0.1562,0.6551,0.2731,r,PC
4.5,2800,0.0,2.0,0.1901,0.5696,0.1999,0.6068,0.2585,r,PC
5.0,2800,0.0,2.0,0.2195,0.5817,0.252,0.5674,0.2478,r,PC
5.5,2800,0.0,2.0,0.2588,0.5747,0.3006,0.536,0.2213,r,PC
2.5,2900,0.0,2.0,0.3444,0.4216,0.2438,0.7541,0.2004,r,PC
3.0,2900,0.0,2.0,0.2148,0.5133,0.1345,0.7738,0.269,r,PC
3.5,2900,0.0,2.0,0.1656,0.5349,0.1066,0.7331,0.2777,r,PC
4.0,2900,0.0,2.0,0.1527,0.5461,0.1271,0.6625,0.2748,r,PC
4.5,2900,0.0,2.0,0.1537,0.567,0.1598,0.6141,0.2859,r,PC
5.0,2900,0.0,2.0,0.1731,0.5789,0.2016,0.5762,0.2763,r,PC
5.5,2900,0.0,2.0,0.2083,0.5813,0.2491,0.5496,0.2557,r,PC
6.0,2900,0.0,2.0,0.2563,0.5684,0.3018,0.5216,0.2233,r,PC
2.5,3000,0.0,2.0,0.3757,0.424,0.2996,0.7064,0.2213,r,PC
3.0,3000,0.0,2.0,0.2348,0.5001,0.1582,0.7492,0.2555,r,PC
3.5,3000,0.0,2.0,0.1698,0.5235,0.1094,0.7219,0.2708,r,PC
4.0,3000,0.0,2.0,0.1453,0.5309,0.1125,0.6609,0.2709,r,PC
4.5,3000,0.0,2.0,0.1361,0.5504,0.1326,0.6171,0.2901,r,PC
5.5,3000,0.0,2.0,0.1708,0.5695,0.2085,0.5462,0.2793,r,PC
6.0,3000,0.0,2.0,0.2069,0.5682,0.2539,0.522,0.2581,r,PC
2.5,3100,0.0,2.0,0.4581,0.3651,0.3903,0.6244,0.1893,r,PC
3.0,3100,0.0,2.0,0.2613,0.4847,0.1875,0.7269,0.2421,r,PC
3.5,3100,0.0,2.0,0.183,0.5101,0.1178,0.7188,0.2615,r,PC
4.0,3100,0.0,2.0,0.1475,0.516,0.1066,0.6622,0.2643,r,PC
4.5,3100,0.0,2.0,0.13,0.5314,0.1173,0.6158,0.2856,r,PC
5.0,3100,0.0,2.0,0.1315,0.5418,0.1454,0.5684,0.2897,r,PC
5.5,3100,0.0,2.0,0.1469,0.551,0.1788,0.5393,0.288,r,PC
6.0,3100,0.0,2.0,0.1714,0.5571,0.2149,0.5196,0.2782,r,PC
2.5,3200,0.0,2.0,0.4377,0.3555,0.3584,0.6454,0.2128,r,PC
3.0,3200,0.0,2.0,0.308,0.45,0.2334,0.6938,0.2211,r,PC
3.5,3200,0.0,2.0,0.2082,0.488,0.1353,0.7134,0.246,r,PC
4.0,3200,0.0,2.0,0.1604,0.4975,0.1092,0.6643,0.2528,r,PC
4.5,3200,0.0,2.0,0.1315,0.5128,0.1085,0.617,0.2771,r,PC
5.0,3200,0.0,2.0,0.1247,0.521,0.1298,0.5642,0.2838,r,PC
5.5,3200,0.0,2.0,0.1325,0.5298,0.1569,0.532,0.2856,r,PC
6.0,3200,0.0,2.0,0.1526,0.5367,0.1905,0.5097,0.2793,r,PC
2.5,3300,0.0,2.0,0.4524,0.3073,0.3491,0.661,0.2033,r,PC
3.0,3300,0.0,2.0,0.3576,0.3941,0.2719,0.6637,0.2113,r,PC
3.5,3300,0.0,2.0,0.2373,0.4646,0.163,0.6939,0.2478,r,PC
4.0,3300,0.0,2.0,0.1757,0.4827,0.1209,0.6571,0.2565,r,PC
4.5,3300,0.0,2.0,0.1423,0.491,0.1098,0.6127,0.2613,r,PC
5.0,3300,0.0,2.0,0.126,0.5007,0.1211,0.5625,0.2716,r,PC
5.5,3300,0.0,2.0,0.1262,0.5085,0.1423,0.5255,0.2748,r,PC
6.0,3300,0.0,2.0,0.1352,0.5201,0.1671,0.5041,0.2761,r,PC
2.5,3400,0.0,2.0,0.474,0.2458,0.3396,0.6688,0.1803,r,PC
3.0,3400,0.0,2.0,0.3869,0.3289,0.2783,0.6474,0.2135,r,PC
3.5,3400,0.0,2.0,0.2769,0.4186,0.194,0.6633,0.2369,r,PC
4.0,3400,0.0,2.0,0.1986,0.4585,0.1393,0.6407,0.2514,r,PC
4.5,3400,0.0,2.0,0.1531,0.4759,0.1163,0.6052,0.2597,r,PC
5.0,3400,0.0,2.0,0.1309,0.4823,0.1168,0.5606,0.2565,r,PC
5.5,3400,0.0,2.0,0.1218,0.4929,0.1315,0.5213,0.2636,r,PC
6.0,3400,0.0,2.0,0.1215,0.5073,0.1481,0.5011,0.27,r,PC
2.5,3500,0.0,2.0,0.4999,0.196,0.3472,0.6581,0.176,r,PC
3.0,3500,0.0,2.0,0.4443,0.2555,0.32,0.603,0.193,r,PC
3.5,3500,0.0,2.0,0.3279,0.3492,0.2259,0.6279,0.2031,r,PC
4.0,3500,0.0,2.0,0.2316,0.4156,0.1591,0.62,0.2192,r,PC
4.5,3500,0.0,2.0,0.1716,0.4496,0.125,0.5959,0.2352,r,PC
5.0,3500,0.0,2.0,0.1383,0.4644,0.1163,0.5566,0.2394,r,PC
5.5,3500,0.0,2.0,0.1182,0.4804,0.1223,0.5185,0.2532,r,PC
6.0,3500,0.0,2.0,0.1111,0.4951,0.1332,0.497,0.2642,r,PC
2.5,3600,0.0,2.0,0.5406,0.1387,0.3698,0.6348,0.1465,r,PC
3.0,3600,0.0,2.0,0.5081,0.1807,0.3719,0.5484,0.1846,r,PC
3.5,3600,0.0,2.0,0.3815,0.2908,0.271,0.5828,0.1875,r,PC
4.0,3600,0.0,2.0,0.268,0.3749,0.1867,0.5933,0.1956,r,PC
4.5,3600,0.0,2.0,0.1868,0.4329,0.1365,0.5847,0.2325,r,PC
5.0,3600,0.0,2.0,0.1439,0.454,0.1184,0.552,0.2349,r,PC
5.5,3600,0.0,2.0,0.119,0.4687,0.1182,0.5151,0.2409,r,PC
6.0,3600,0.0,2.0,0.1018,0.4875,0.1203,0.496,0.2585,r,PC
2.5,3700,0.0,2.0,0.5624,0.1234,0.3946,0.6121,0.1562,r,PC
3.0,3700,0.0,2.0,0.5482,0.1337,0.4031,0.517,0.1621,r,PC
3.5,3700,0.0,2.0,0.4448,0.2306,0.3295,0.5279,0.1743,r,PC
4.0,3700,0.0,2.0,0.3115,0.3356,0.2264,0.5584,0.1797,r,PC
4.5,3700,0.0,2.0,0.2081,0.4113,0.1528,0.5709,0.2175,r,PC
5.0,3700,0.0,2.0,0.1524,0.4425,0.1222,0.5482,0.2211,r,PC
5.5,3700,0.0,2.0,0.1187,0.4615,0.1153,0.5123,0.2348,r,PC
6.0,3700,0.0,2.0,0.0982,0.4794,0.1134,0.4936,0.2505,r,PC
2.5,3800,0.0,2.0,0.5702,0.1249,0.4068,0.6034,0.164,r,PC
3.0,3800,0.0,2.0,0.5592,0.1308,0.4177,0.5061,0.1711,r,PC
3.5,3800,0.0,2.0,0.5032,0.1766,0.3815,0.4817,0.1374,r,PC
4.0,3800,0.0,2.0,0.3653,0.2941,0.2796,0.5145,0.1657,r,PC
4.5,3800,0.0,2.0,0.2354,0.3904,0.1785,0.5512,0.2077,r,PC
5.0,3800,0.0,2.0,0.163,0.4298,0.1289,0.5416,0.2102,r,PC
5.5,3800,0.0,2.0,0.1207,0.4538,0.1144,0.5092,0.2263,r,PC
6.0,3800,0.0,2.0,0.0961,0.471,0.1084,0.4902,0.2436,r,PC
2.5,3900,0.0,2.0,0.5755,0.1179,0.403,0.6111,0.1205,r,PC
3.0,3900,0.0,2.0,0.5707,0.1139,0.4163,0.5109,0.1264,r,PC
3.5,3900,0.0,2.0,0.55,0.1311,0.4232,0.4418,0.1295,r,PC
4.0,3900,0.0,2.0,0.4137,0.2509,0.3257,0.4729,0.1565,r,PC
4.5,3900,0.0,2.0,0.278,0.3508,0.2141,0.5215,0.1722,r,PC
5.0,3900,0.0,2.0,0.1795,0.4182,0.1447,0.5307,0.2037,r,PC
5.5,3900,0.0,2.0,0.1264,0.4437,0.1176,0.5031,0.2184,r,PC
6.0,3900,0.0,2.0,0.0969,0.462,0.1064,0.4855,0.2364,r,PC
2.5,4000,0.0,2.0,0.556,0.1416,0.3868,0.6286,0.133,r,PC
3.0,4000,0.0,2.0,0.5542,0.1374,0.405,0.5246,0.1393,r,PC
3.5,4000,0.0,2.0,0.552,0.1378,0.4334,0.4337,0.1462,r,PC
4.0,4000,0.0,2.0,0.4608,0.215,0.3734,0.4329,0.1504,r,PC
4.5,4000,0.0,2.0,0.3232,0.3173,0.2602,0.4841,0.1643,r,PC
5.0,4000,0.0,2.0,0.2073,0.3943,0.1704,0.5091,0.1944,r,PC
5.5,4000,0.0,2.0,0.1387,0.4316,0.1283,0.4931,0.2117,r,PC
6.0,4000,0.0,2.0,0.1035,0.4459,0.1091,0.4757,0.2247,r,PC
2.5,4100,0.0,2.0,0.5343,0.1633,0.3667,0.6477,0.1491,r,PC
3.0,4100,0.0,2.0,0.5294,0.1674,0.3876,0.5419,0.1618,r,PC
3.5,4100,0.0,2.0,0.5322,0.1607,0.4182,0.4488,0.161,r,PC
4.0,4100,0.0,2.0,0.501,0.1827,0.4128,0.399,0.1485,r,PC
4.5,4100,0.0,2.0,0.3812,0.2772,0.3189,0.4391,0.1486,r,PC
5.0,4100,0.0,2.0,0.2495,0.3623,0.211,0.4777,0.1821,r,PC
5.5,4100,0.0,2.0,0.1624,0.4118,0.1492,0.4772,0.1986,r,PC
6.0,4100,0.0,2.0,0.114,0.434,0.1175,0.4669,0.2165,r,PC
2.5,4200,0.0,2.0,0.5156,0.1783,0.3465,0.6654,0.161,r,PC
3.0,4200,0.0,2.0,0.5099,0.1845,0.3693,0.5575,0.1779,r,PC
3.5,4200,0.0,2.0,0.5241,0.1592,0.4017,0.4623,0.1308,r,PC
4.0,4200,0.0,2.0,0.5251,0.1557,0.4318,0.3802,0.1249,r,PC
4.5,4200,0.0,2.0,0.4291,0.235,0.3648,0.3974,0.1414,r,PC
5.0,4200,0.0,2.0,0.2997,0.3257,0.2603,0.4401,0.1698,r,PC
5.5,4200,0.0,2.0,0.2022,0.3719,0.1824,0.4463,0.1732,r,PC
6.0,4200,0.0,2.0,0.1326,0.4169,0.1335,0.4532,0.2061,r,PC
2.5,4300,0.0,2.0,0.4956,0.1957,0.3271,0.6817,0.1754,r,PC
3.0,4300,0.0,2.0,0.4927,0.1975,0.3518,0.5711,0.19,r,PC
3.5,4300,0.0,2.0,0.5084,0.1704,0.3857,0.4744,0.1396,r,PC
4.0,4300,0.0,2.0,0.5115,0.1641,0.419,0.3883,0.1368,r,PC
4.5,4300,0.0,2.0,0.4702,0.2035,0.405,0.3646,0.1353,r,PC
5.0,4300,0.0,2.0,0.3561,0.2897,0.3163,0.4013,0.1538,r,PC
5.5,4300,0.0,2.0,0.2413,0.3591,0.2252,0.4255,0.1736,r,PC
6.0,4300,0.0,2.0,0.1602,0.3952,0.1583,0.4349,0.1934,r,PC
2.5,4400,0.0,2.0,0.4773,0.2105,0.3083,0.697,0.1835,r,PC
3.0,4400,0.0,2.0,0.4772,0.2078,0.3353,0.5829,0.197,r,PC
3.5,4400,0.0,2.0,0.4934,0.18,0.3697,0.4861,0.1469,r,PC
4.0,4400,0.0,2.0,0.4992,0.1721,0.4062,0.3975,0.144,r,PC
4.5,4400,0.0,2.0,0.4949,0.1763,0.4274,0.3401,0.1397,r,PC
5.0,4400,0.0,2.0,0.413,0.2327,0.3625,0.3598,0.1139,r,PC
5.5,4400,0.0,2.0,0.2933,0.3186,0.2733,0.3891,0.1543,r,PC
6.0,4400,0.0,2.0,0.1948,0.3793,0.1925,0.4181,0.1823,r,PC
2.5,4500,0.0,2.0,0.4608,0.2221,0.2902,0.7112,0.1881,r,PC
3.0,4500,0.0,2.0,0.4632,0.2139,0.3183,0.5943,0.1989,r,PC
3.5,4500,0.0,2.0,0.479,0.1889,0.3537,0.4982,0.1505,r,PC
4.0,4500,0.0,2.0,0.4859,0.1794,0.3912,0.4083,0.1477,r,PC
4.5,4500,0.0,2.0,0.4874,0.1779,0.4203,0.3414,0.1485,r,PC
5.0,4500,0.0,2.0,0.4503,0.2089,0.3991,0.3346,0.1055,r,PC
5.5,4500,0.0,2.0,0.3455,0.2864,0.3233,0.358,0.1355,r,PC
6.0,4500,0.0,2.0,0.2396,0.3466,0.2337,0.3894,0.1644,r,PC
2.5,4600,0.0,2.0,0.446,0.2306,0.2725,0.7251,0.1907,r,PC
3.0,4600,0.0,2.0,0.447,0.2273,0.3026,0.6071,0.2043,r,PC
3.5,4600,0.0,2.0,0.4648,0.1972,0.3374,0.5107,0.1526,r,PC
4.0,4600,0.0,2.0,0.4717,0.1882,0.3758,0.4198,0.1513,r,PC
4.5,4600,0.0,2.0,0.4809,0.1743,0.4064,0.3508,0.1153,r,PC
5.0,4600,0.0,2.0,0.4742,0.1826,0.4188,0.314,0.1006,r,PC
5.5,4600,0.0,2.0,0.3928,0.2467,0.3646,0.3256,0.113,r,PC
6.0,4600,0.0,2.0,0.2868,0.3157,0.2782,0.361,0.1486,r,PC
2.5,4700,0.0,2.0,0.4353,0.2314,0.255,0.7387,0.1879,r,PC
3.0,4700,0.0,2.0,0.4339,0.2336,0.2866,0.6191,0.2058,r,PC
3.5,4700,0.0,2.0,0.4508,0.2049,0.3213,0.5232,0.1547,r,PC
4.0,4700,0.0,2.0,0.4583,0.1955,0.3605,0.4311,0.1525,r,PC
4.5,4700,0.0,2.0,0.4669,0.1832,0.3912,0.3624,0.1174,r,PC
5.0,4700,0.0,2.0,0.4702,0.1812,0.4141,0.3144,0.1047,r,PC
5.5,4700,0.0,2.0,0.4266,0.2226,0.3948,0.3055,0.0995,r,PC
6.0,4700,0.0,2.0,0.3325,0.2895,0.3207,0.3378,0.1292,r,PC
2.5,4800,0.0,2.0,0.4226,0.2392,0.2397,0.7529,0.1928,r,PC
3.0,4800,0.0,2.0,0.4212,0.2388,0.2698,0.6337,0.2084,r,PC
3.5,4800,0.0,2.0,0.4381,0.2106,0.3056,0.5356,0.1555,r,PC
4.0,4800,0.0,2.0,0.445,0.2025,0.3451,0.443,0.154,r,PC
4.5,4800,0.0,2.0,0.4534,0.1909,0.3759,0.3743,0.1183,r,PC
5.0,4800,0.0,2.0,0.4604,0.1856,0.4031,0.3218,0.1061,r,PC
5.5,4800,0.0,2.0,0.4511,0.195,0.4133,0.2865,0.0858,r,PC
6.0,4800,0.0,2.0,0.3761,0.2516,0.3568,0.3097,0.1012,r,PC
2.5,4900,0.0,2.0,0.4113,0.2428,0.2227,0.7708,0.1958,r,PC
3.0,4900,0.0,2.0,0.4095,0.2429,0.2528,0.6503,0.2104,r,PC
3.5,4900,0.0,2.0,0.426,0.2153,0.2898,0.5488,0.1568,r,PC
4.0,4900,0.0,2.0,0.4335,0.2055,0.3298,0.4539,0.1536,r,PC
4.5,4900,0.0,2.0,0.44,0.1989,0.3599,0.3881,0.1192,r,PC
5.0,4900,0.0,2.0,0.447,0.1939,0.388,0.3338,0.1069,r,PC
5.5,4900,0.0,2.0,0.4475,0.1944,0.4101,0.2856,0.0935,r,PC
6.0,4900,0.0,2.0,0.3983,0.2412,0.3779,0.2998,0.0979,r,PC
2.5,5100,0.0,2.0,0.3912,0.2442,0.187,0.8255,0.215,r,PC
3.0,5100,0.0,2.0,0.3912,0.241,0.2154,0.6982,0.2236,r,PC
3.5,5100,0.0,2.0,0.4089,0.2099,0.2487,0.5986,0.1602,r,PC
4.0,5100,0.0,2.0,0.4042,0.2169,0.2852,0.5,0.1604,r,PC
4.5,5100,0.0,2.0,0.4136,0.2054,0.316,0.4324,0.1212,r,PC
5.0,5100,0.0,2.0,0.4187,0.2034,0.3523,0.3593,0.108,r,PC
5.5,5100,0.0,2.0,0.4283,0.1934,0.3767,0.314,0.0892,r,PC
6.0,5100,0.0,2.0,0.4168,0.2077,0.3865,0.2825,0.0828,r,PC
2.5,5200,0.0,2.0,0.3839,0.2463,0.1761,0.8356,0.2175,r,PC
3.0,5200,0.0,2.0,0.3837,0.2421,0.2041,0.7076,0.2251,r,PC
3.5,5200,0.0,2.0,0.4014,0.2102,0.2375,0.6069,0.1606,r,PC
4.0,5200,0.0,2.0,0.3941,0.2201,0.2717,0.5103,0.1612,r,PC
4.5,5200,0.0,2.0,0.4027,0.2093,0.303,0.4408,0.1216,r,PC
5.0,5200,0.0,2.0,0.4069,0.2085,0.3391,0.3673,0.1085,r,PC
5.5,5200,0.0,2.0,0.4162,0.1991,0.3635,0.3222,0.0893,r,PC
6.0,5200,0.0,2.0,0.4064,0.2137,0.376,0.289,0.0848,r,PC
2.5,5300,0.0,2.0,0.3735,0.2509,0.1612,0.853,0.222,r,PC
3.0,5300,0.0,2.0,0.3784,0.2394,0.1932,0.7164,0.2257,r,PC
3.5,5300,0.0,2.0,0.385,0.222,0.2177,0.6261,0.1622,r,PC
4.0,5300,0.0,2.0,0.3853,0.222,0.259,0.5204,0.1613,r,PC
4.5,5300,0.0,2.0,0.3927,0.2122,0.2906,0.4486,0.1216,r,PC
5.0,5300,0.0,2.0,0.3964,0.2116,0.3266,0.3743,0.1077,r,PC
5.5,5300,0.0,2.0,0.4001,0.2118,0.3472,0.3354,0.0917,r,PC
6.0,5300,0.0,2.0,0.3939,0.2189,0.3614,0.2983,0.083,r,PC
2.5,5400,0.0,2.0,0.3667,0.2536,0.1515,0.8632,0.2255,r,PC
3.0,5400,0.0,2.0,0.37,0.2423,0.1814,0.7279,0.2291,r,PC
3.5,5400,0.0,2.0,0.3793,0.2204,0.2073,0.634,0.1607,r,PC
4.0,5400,0.0,2.0,0.3777,0.2224,0.2467,0.5305,0.1612,r,PC
4.5,5400,0.0,2.0,0.3839,0.2139,0.2792,0.4559,0.121,r,PC
5.0,5400,0.0,2.0,0.3877,0.2113,0.3152,0.3795,0.1051,r,PC
5.5,5400,0.0,2.0,0.3776,0.2249,0.3226,0.3531,0.0909,r,PC
6.0,5400,0.0,2.0,0.3807,0.2252,0.3469,0.3076,0.0828,r,PC
2.5,5500,0.0,2.0,0.3596,0.2543,0.1376,0.8844,0.2269,r,PC
3.0,5500,0.0,2.0,0.3584,0.2473,0.1606,0.7574,0.2319,r,PC
3.5,5500,0.0,2.0,0.3709,0.2237,0.1954,0.6456,0.1635,r,PC
4.0,5500,0.0,2.0,0.3694,0.2247,0.2337,0.5433,0.1623,r,PC
4.5,5500,0.0,2.0,0.3763,0.2136,0.2681,0.4625,0.1193,r,PC
5.0,5500,0.0,2.0,0.3787,0.2134,0.3041,0.3857,0.1044,r,PC
5.5,5500,0.0,2.0,0.3653,0.2305,0.3092,0.3612,0.092,r,PC
6.0,5500,0.0,2.0,0.368,0.2309,0.3325,0.3169,0.0825,r,PC
2.5,5600,0.0,2.0,0.3518,0.2567,0.1248,0.9028,0.2277,r,PC
3.0,5600,0.0,2.0,0.3703,0.2185,0.1484,0.7726,0.1497,r,PC
3.5,5600,0.0,2.0,0.3639,0.2256,0.1855,0.6543,0.1648,r,PC
4.0,5600,0.0,2.0,0.3622,0.226,0.223,0.5521,0.1633,r,PC
4.5,5600,0.0,2.0,0.3688,0.2147,0.258,0.4688,0.1187,r,PC
5.0,5600,0.0,2.0,0.3543,0.2308,0.2779,0.407,0.105,r,PC
5.5,5600,0.0,2.0,0.3546,0.2328,0.2959,0.3686,0.0891,r,PC
6.0,5600,0.0,2.0,0.3558,0.2358,0.3187,0.3252,0.0822,r,PC
2.5,5700,0.0,2.0,0.3444,0.2586,0.1126,0.9185,0.2277,r,PC
3.0,5700,0.0,2.0,0.3444,0.2538,0.1369,0.7868,0.2346,r,PC
3.5,5700,0.0,2.0,0.358,0.2257,0.1759,0.6626,0.1649,r,PC
4.0,5700,0.0,2.0,0.3565,0.2252,0.2133,0.5595,0.1619,r,PC
4.5,5700,0.0,2.0,0.3612,0.2166,0.2485,0.4747,0.1191,r,PC
5.0,5700,0.0,2.0,0.3448,0.2335,0.2663,0.4139,0.1042,r,PC
5.5,5700,0.0,2.0,0.3441,0.236,0.2837,0.3752,0.0881,r,PC
6.0,5700,0.0,2.0,0.3445,0.2398,0.3056,0.3328,0.0814,r,PC
2.5,5800,0.0,2.0,0.3362,0.2637,0.1007,0.9388,0.231,r,PC
3.0,5800,0.0,2.0,0.3563,0.2229,0.1249,0.8012,0.1532,r,PC
3.5,5800,0.0,2.0,0.3545,0.2266,0.1677,0.6749,0.1653,r,PC
4.0,5800,0.0,2.0,0.35,0.2263,0.2041,0.5664,0.1631,r,PC
4.5,5800,0.0,2.0,0.3398,0.2316,0.2247,0.4948,0.1198,r,PC
5.0,5800,0.0,2.0,0.3358,0.2359,0.2551,0.4207,0.1037,r,PC
5.5,5800,0.0,2.0,0.3343,0.2388,0.2722,0.3812,0.087,r,PC
6.0,5800,0.0,2.0,0.334,0.2429,0.2933,0.3395,0.0804,r,PC
2.5,5900,0.0,2.0,0.3279,0.2661,0.0872,0.9558,0.2316,r,PC
3.0,5900,0.0,2.0,0.3497,0.2246,0.1143,0.8123,0.1534,r,PC
3.5,5900,0.0,2.0,0.3441,0.2301,0.1545,0.6846,0.1682,r,PC
4.0,5900,0.0,2.0,0.3436,0.2274,0.1952,0.5728,0.164,r,PC
4.5,5900,0.0,2.0,0.3361,0.2316,0.219,0.4986,0.1185,r,PC
5.0,5900,0.0,2.0,0.3274,0.2379,0.2444,0.4274,0.1031,r,PC
5.5,5900,0.0,2.0,0.329,0.2391,0.2655,0.3843,0.0855,r,PC
6.0,5900,0.0,2.0,0.3246,0.2447,0.2818,0.3454,0.0787,r,PC
2.5,6000,0.0,2.0,0.322,0.2676,0.0786,0.9613,0.2328,r,PC
3.0,6000,0.0,2.0,0.3438,0.2251,0.1045,0.822,0.1531,r,PC
3.5,6000,0.0,2.0,0.3389,0.2299,0.1441,0.6958,0.1676,r,PC
4.0,6000,0.0,2.0,0.3376,0.2282,0.1868,0.5787,0.165,r,PC
4.5,6000,0.0,2.0,0.3249,0.235,0.2058,0.5064,0.1202,r,PC
5.0,6000,0.0,2.0,0.3199,0.2388,0.2342,0.434,0.1021,r,PC
5.5,6000,0.0,2.0,0.3173,0.2416,0.2518,0.3908,0.0843,r,PC
6.0,6000,0.0,2.0,0.3183,0.2456,0.2745,0.3484,0.0777,r,PC
2.5,6100,0.0,2.0,0.3124,0.2706,0.0613,0.9911,0.2318,r,PC
3.0,6100,0.0,2.0,0.3373,0.2269,0.0947,0.8317,0.1532,r,PC
3.5,6100,0.0,2.0,0.3345,0.2303,0.1342,0.7091,0.1675,r,PC
4.0,6100,0.0,2.0,0.3345,0.2278,0.1817,0.5825,0.1646,r,PC
4.5,6100,0.0,2.0,0.3179,0.2365,0.1967,0.5121,0.1203,r,PC
5.0,6100,0.0,2.0,0.3156,0.239,0.2276,0.4385,0.1009,r,PC
5.5,6100,0.0,2.0,0.3094,0.2432,0.2425,0.3953,0.0839,r,PC
6.0,6100,0.0,2.0,0.2925,0.263,0.2483,0.3676,0.0784,r,PC
2.5,6200,0.0,2.0,0.3081,0.2714,0.0554,0.9911,0.2316,r,PC
3.0,6200,0.0,2.0,0.3306,0.2285,0.0845,0.8418,0.1527,r,PC
3.5,6200,0.0,2.0,0.3274,0.2312,0.1228,0.7197,0.168,r,PC
4.0,6200,0.0,2.0,0.3288,0.2282,0.1738,0.5877,0.1654,r,PC
4.5,6200,0.0,2.0,0.312,0.2368,0.1886,0.5169,0.12,r,PC
5.0,6200,0.0,2.0,0.3086,0.24,0.2178,0.4453,0.1004,r,PC
5.5,6200,0.0,2.0,0.289,0.2581,0.2222,0.4109,0.0851,r,PC
6.0,6200,0.0,2.0,0.2775,0.2691,0.2323,0.3763,0.08,r,PC
2.5,6300,0.0,2.0,0.2968,0.2746,0.036,1.023,0.2304,r,PC
3.0,6300,0.0,2.0,0.3243,0.2294,0.0741,0.8525,0.1513,r,PC
3.5,6300,0.0,2.0,0.3232,0.2299,0.111,0.7357,0.1652,r,PC
4.0,6300,0.0,2.0,0.3218,0.2288,0.1642,0.5939,0.1665,r,PC
4.5,6300,0.0,2.0,0.308,0.2368,0.1824,0.5216,0.119,r,PC
5.0,6300,0.0,2.0,0.3013,0.2388,0.2054,0.4545,0.0988,r,PC
5.5,6300,0.0,2.0,0.2766,0.263,0.2091,0.4177,0.0865,r,PC
6.0,6300,0.0,2.0,0.2674,0.2724,0.2207,0.3829,0.0805,r,PC
2.5,6400,0.0,2.0,0.293,0.2765,0.0312,1.0213,0.231,r,PC
3.0,6400,0.0,2.0,0.2966,0.2673,0.0623,0.8664,0.2415,r,PC
3.5,6400,0.0,2.0,0.3167,0.231,0.1008,0.7454,0.1657,r,PC
4.0,6400,0.0,2.0,0.3168,0.2288,0.1569,0.599,0.1666,r,PC
4.5,6400,0.0,2.0,0.3021,0.236,0.1727,0.5286,0.1188,r,PC
5.0,6400,0.0,2.0,0.2952,0.2402,0.1968,0.4614,0.1001,r,PC
5.5,6400,0.0,2.0,0.2672,0.2647,0.1981,0.4227,0.0863,r,PC
6.0,6400,0.0,2.0,0.2581,0.275,0.21,0.3887,0.081,r,PC
2.5,6500,0.0,2.0,0.2849,0.2797,0.0191,1.0354,0.2316,r,PC
3.0,6500,0.0,2.0,0.2891,0.2701,0.0498,0.8823,0.2421,r,PC
3.5,6500,0.0,2.0,0.3098,0.2325,0.0891,0.7586,0.1653,r,PC
4.0,6500,0.0,2.0,0.3112,0.2299,0.149,0.6053,0.1671,r,PC
4.5,6500,0.0,2.0,0.2986,0.2354,0.1649,0.5376,0.1181,r,PC
5.0,6500,0.0,2.0,0.2905,0.2397,0.1884,0.4685,0.0996,r,PC
5.5,6500,0.0,2.0,0.2619,0.2653,0.1919,0.4253,0.0859,r,PC
6.0,6500,0.0,2.0,0.2515,0.2742,0.2014,0.3917,0.0805,r,PC
2.5,6600,0.0,2.0,0.2766,0.2823,0.0066,1.0469,0.2328,r,PC
3.0,6600,0.0,2.0,0.2814,0.2731,0.0372,0.898,0.2437,r,PC
3.5,6600,0.0,2.0,0.3037,0.2344,0.0806,0.7657,0.1659,r,PC
4.0,6600,0.0,2.0,0.3053,0.2305,0.1384,0.6164,0.167,r,PC
4.5,6600,0.0,2.0,0.2921,0.2367,0.1527,0.5511,0.1183,r,PC
5.0,6600,0.0,2.0,0.2863,0.239,0.1807,0.475,0.0992,r,PC
5.5,6600,0.0,2.0,0.255,0.2656,0.1834,0.4288,0.0854,r,PC
6.0,6600,0.0,2.0,0.244,0.2753,0.1923,0.3963,0.0805,r,PC
2.5,6700,0.0,2.0,0.2686,0.286,-0.0043,1.0555,0.2325,r,PC
3.0,6700,0.0,2.0,0.2741,0.2759,0.0257,0.9109,0.2445,r,PC
3.5,6700,0.0,2.0,0.2952,0.237,0.0681,0.778,0.1661,r,PC
4.0,6700,0.0,2.0,0.2996,0.2316,0.1262,0.6322,0.1675,r,PC
4.5,6700,0.0,2.0,0.2878,0.2366,0.1422,0.5639,0.118,r,PC
5.0,6700,0.0,2.0,0.2821,0.2385,0.1732,0.4813,0.0984,r,PC
5.5,6700,0.0,2.0,0.25,0.2654,0.1772,0.4311,0.0849,r,PC
6.0,6700,0.0,2.0,0.2375,0.2761,0.1843,0.4001,0.0804,r,PC
2.5,6800,0.0,2.0,0.2558,0.2912,-0.0229,1.0791,0.2379,r,PC
3.0,6800,0.0,2.0,0.2664,0.2786,0.0146,0.9212,0.2454,r,PC
3.5,6800,0.0,2.0,0.2871,0.2402,0.0575,0.7874,0.1679,r,PC
4.0,6800,0.0,2.0,0.2934,0.2332,0.1134,0.6489,0.1679,r,PC
4.5,6800,0.0,2.0,0.2839,0.236,0.1337,0.5734,0.1179,r,PC
5.0,6800,0.0,2.0,0.2783,0.2378,0.1666,0.4867,0.0974,r,PC
5.5,6800,0.0,2.0,0.2454,0.2652,0.1714,0.4333,0.0841,r,PC
6.0,6800,0.0,2.0,0.2317,0.2764,0.1772,0.4031,0.0802,r,PC
2.5,6900,0.0,2.0,0.2489,0.294,-0.0325,1.0858,0.2377,r,PC
3.0,6900,0.0,2.0,0.2583,0.282,0.0033,0.9323,0.248,r,PC
3.5,6900,0.0,2.0,0.2824,0.242,0.0515,0.7914,0.1679,r,PC
4.0,6900,0.0,2.0,0.287,0.235,0.1018,0.6623,0.1684,r,PC
4.5,6900,0.0,2.0,0.2802,0.2353,0.1261,0.5813,0.1176,r,PC
5.0,6900,0.0,2.0,0.2743,0.2376,0.1604,0.491,0.0972,r,PC
5.5,6900,0.0,2.0,0.2415,0.2646,0.1662,0.4353,0.0833,r,PC
6.0,6900,0.0,2.0,0.2266,0.2762,0.1708,0.4055,0.0798,r,PC
2.5,7000,0.0,2.0,0.2427,0.2983,-0.0389,1.0869,0.2391,r,PC
3.0,7000,0.0,2.0,0.2508,0.2842,-0.0074,0.9414,0.2491,r,PC
3.5,7000,0.0,2.0,0.2751,0.2444,0.0417,0.7996,0.1687,r,PC
4.0,7000,0.0,2.0,0.2804,0.2371,0.0913,0.6732,0.1694,r,PC
4.5,7000,0.0,2.0,0.2757,0.2357,0.1198,0.5857,0.1178,r,PC
5.0,7000,0.0,2.0,0.2707,0.2371,0.1552,0.4937,0.0975,r,PC
5.5,7000,0.0,2.0,0.2375,0.2643,0.1609,0.4376,0.0827,r,PC
6.0,7000,0.0,2.0,0.2219,0.276,0.165,0.4076,0.0793,r,PC
2.5,7200,0.0,2.0,0.2247,0.3058,-0.0637,1.1104,0.2444,r,PC
3.0,7200,0.0,2.0,0.2336,0.2908,-0.0313,0.9643,0.2539,r,PC
3.5,7200,0.0,2.0,0.2604,0.249,0.0224,0.815,0.1712,r,PC
4.0,7200,0.0,2.0,0.2641,0.2424,0.0683,0.6945,0.1719,r,PC
4.5,7200,0.0,2.0,0.2666,0.2357,0.1072,0.5938,0.1185,r,PC
5.0,7200,0.0,2.0,0.2631,0.2357,0.1447,0.4987,0.0971,r,PC
5.5,7200,0.0,2.0,0.2309,0.2626,0.1492,0.4465,0.0815,r,PC
6.0,7200,0.0,2.0,0.2141,0.2747,0.1551,0.4104,0.078,r,PC
2.5,7400,0.0,2.0,0.2095,0.3129,-0.0834,1.1263,0.2475,r,PC
3.0,7400,0.0,2.0,0.2179,0.2976,-0.0514,0.9807,0.2567,r,PC
3.5,7400,0.0,2.0,0.2444,0.2551,0.0002,0.835,0.173,r,PC
4.0,7400,0.0,2.0,0.2518,0.246,0.0522,0.7059,0.1729,r,PC
4.5,7400,0.0,2.0,0.2344,0.2511,0.0703,0.6206,0.1215,r,PC
5.0,7400,0.0,2.0,0.2548,0.2363,0.1341,0.5044,0.0973,r,PC
5.5,7400,0.0,2.0,0.2241,0.2617,0.1315,0.4684,0.0806,r,PC
6.0,7400,0.0,2.0,0.2072,0.2734,0.1466,0.4125,0.0771,r,PC
2.5,7600,0.0,2.0,0.1938,0.3196,-0.1052,1.1488,0.2512,r,PC
3.0,7600,0.0,2.0,0.201,0.3042,-0.0749,1.0036,0.26,r,PC
3.5,7600,0.0,2.0,0.2287,0.2603,-0.0235,0.8594,0.1759,r,PC
4.0,7600,0.0,2.0,0.2183,0.266,0.013,0.739,0.1755,r,PC
4.5,7600,0.0,2.0,0.2378,0.2524,0.0805,0.6107,0.1793,r,PC
5.0,7600,0.0,2.0,0.2467,0.2358,0.1233,0.51,0.0983,r,PC
5.5,7600,0.0,2.0,0.2178,0.2607,0.1183,0.4814,0.0797,r,PC
6.0,7600,0.0,2.0,0.2008,0.2726,0.1383,0.4152,0.0757,r,PC
2.5,7800,0.0,2.0,0.1787,0.3268,-0.1234,1.1569,0.2502,r,PC
3.0,7800,0.0,2.0,0.1857,0.31,-0.0974,1.028,0.2617,r,PC
3.5,7800,0.0,2.0,0.2042,0.2709,-0.0611,0.9013,0.177,r,PC
4.0,7800,0.0,2.0,0.2221,0.2573,0.0144,0.7357,0.1748,r,PC
4.5,7800,0.0,2.0,0.226,0.2542,0.0627,0.6262,0.1811,r,PC
5.0,7800,0.0,2.0,0.2373,0.2364,0.105,0.5301,0.0998,r,PC
5.5,7800,0.0,2.0,0.2118,0.2591,0.1092,0.4864,0.0797,r,PC
6.0,7800,0.0,2.0,0.1952,0.2709,0.131,0.417,0.0751,r,PC
2.5,8000,0.0,2.0,0.1666,0.3299,-0.1436,1.1877,0.2551,r,PC
3.0,8000,0.0,2.0,0.1723,0.3142,-0.1168,1.0483,0.2646,r,PC
3.5,8000,0.0,2.0,0.1976,0.2703,-0.0759,0.9217,0.1781,r,PC
4.0,8000,0.0,2.0,0.209,0.259,-0.0055,0.754,0.1766,r,PC
4.5,8000,0.0,2.0,0.2138,0.2564,0.0366,0.6597,0.1828,r,PC
5.0,8000,0.0,2.0,0.2276,0.2373,0.0852,0.5537,0.1015,r,PC
5.5,8000,0.0,2.0,0.196,0.2524,0.0901,0.488,0.0856,r,PC
6.0,8000,0.0,2.0,0.1894,0.2697,0.1205,0.4257,0.0763,r,PC
2.5,8200,0.0,2.0,0.155,0.3365,-0.1569,1.2117,0.2681,r,PC
3.0,8200,0.0,2.0,0.1596,0.3176,-0.1351,1.0676,0.2683,r,PC
3.5,8200,0.0,2.0,0.1653,0.3051,-0.0977,0.9451,0.2749,r,PC
4.0,8200,0.0,2.0,0.1956,0.26,-0.0356,0.7941,0.1779,r,PC
4.5,8200,0.0,2.0,0.2011,0.2574,0.0132,0.6848,0.1838,r,PC
5.0,8200,0.0,2.0,0.2165,0.2368,0.067,0.5686,0.103,r,PC
5.5,8200,0.0,2.0,0.1897,0.2521,0.0825,0.4908,0.087,r,PC
6.0,8200,0.0,2.0,0.1826,0.2701,0.1059,0.4423,0.0771,r,PC
2.5,8400,0.0,2.0,0.1481,0.3385,-0.1692,1.2459,0.2759,r,PC
3.0,8400,0.0,2.0,0.1506,0.3183,-0.1539,1.0968,0.2719,r,PC
3.5,8400,0.0,2.0,0.1545,0.3059,-0.1139,0.9596,0.2768,r,PC
4.0,8400,0.0,2.0,0.1842,0.2602,-0.0573,0.8186,0.179,r,PC
4.5,8400,0.0,2.0,0.189,0.2575,-0.004,0.6968,0.1851,r,PC
5.0,8400,0.0,2.0,0.2056,0.2374,0.0528,0.577,0.1046,r,PC
5.5,8400,0.0,2.0,0.1891,0.2489,0.0811,0.4895,0.0882,r,PC
6.0,8400,0.0,2.0,0.1786,0.2667,0.0951,0.4531,0.0783,r,PC
2.5,8600,0.0,2.0,0.1416,0.3435,-0.1753,1.2614,0.2846,r,PC
3.0,8600,0.0,2.0,0.144,0.3189,-0.171,1.1296,0.2769,r,PC
3.5,8600,0.0,2.0,0.1461,0.3057,-0.1319,0.9845,0.2807,r,PC
4.0,8600,0.0,2.0,0.171,0.2611,-0.0786,0.8375,0.178,r,PC
4.5,8600,0.0,2.0,0.1771,0.2583,-0.0194,0.7061,0.1864,r,PC
5.0,8600,0.0,2.0,0.1943,0.2379,0.0389,0.5836,0.107,r,PC
5.5,8600,0.0,2.0,0.2019,0.2328,0.0921,0.4766,0.0869,r,PC
6.0,8600,0.0,2.0,0.1749,0.2629,0.0889,0.4549,0.0804,r,PC
2.5,8800,0.0,2.0,0.134,0.3531,-0.1784,1.2783,0.2974,r,PC
3.0,8800,0.0,2.0,0.1388,0.3203,-0.1798,1.1461,0.2833,r,PC
3.5,8800,0.0,2.0,0.1398,0.3054,-0.1544,1.0273,0.2845,r,PC
4.0,8800,0.0,2.0,0.163,0.2605,-0.0914,0.8493,0.1787,r,PC
4.5,8800,0.0,2.0,0.167,0.2576,-0.0339,0.7156,0.1866,r,PC
5.0,8800,0.0,2.0,0.1761,0.2491,0.0248,0.5899,0.1522,r,PC
5.5,8800,0.0,2.0,0.1924,0.2318,0.0807,0.4802,0.0893,r,PC
6.0,8800,0.0,2.0,0.1706,0.2591,0.0832,0.4544,0.0822,r,PC
2.5,9000,0.0,2.0,0.1264,0.364,-0.1811,1.2996,0.3102,r,PC
3.0,9000,0.0,2.0,0.133,0.3259,-0.1893,1.1704,0.2919,r,PC
3.5,9000,0.0,2.0,0.1354,0.3052,-0.1632,1.0398,0.2882,r,PC
4.0,9000,0.0,2.0,0.1579,0.2582,-0.1084,0.8747,0.1788,r,PC
4.5,9000,0.0,2.0,0.1578,0.256,-0.0612,0.7545,0.1856,r,PC
5.0,9000,0.0,2.0,0.1676,0.2462,0.0122,0.5962,0.1525,r,PC
5.5,9000,0.0,2.0,0.1815,0.2323,0.0636,0.4945,0.0931,r,PC
6.0,9000,0.0,2.0,0.1679,0.2535,0.0795,0.4512,0.0852,r,PC
2.5,9200,0.0,2.0,0.1175,0.3775,-0.1819,1.309,0.3248,r,PC
3.0,9200,0.0,2.0,0.1277,0.3318,-0.1979,1.1933,0.2994,r,PC
3.5,9200,0.0,2.0,0.1309,0.3075,-0.1688,1.0464,0.2931,r,PC
4.0,9200,0.0,2.0,0.1531,0.2582,-0.1253,0.9041,0.1801,r,PC
4.5,9200,0.0,2.0,0.1519,0.2551,-0.0786,0.7796,0.1854,r,PC
5.0,9200,0.0,2.0,0.1587,0.2464,-0.0118,0.6296,0.1537,r,PC
5.5,9200,0.0,2.0,0.1715,0.2311,0.038,0.5268,0.0964,r,PC
6.0,9200,0.0,2.0,0.1668,0.2446,0.0772,0.4453,0.0875,r,PC
2.5,9400,0.0,2.0,0.107,0.394,-0.1828,1.3233,0.3418,r,PC
3.0,9400,0.0,2.0,0.1212,0.3405,-0.2027,1.2048,0.3099,r,PC
3.5,9400,0.0,2.0,0.126,0.3122,-0.1759,1.0602,0.2994,r,PC
4.0,9400,0.0,2.0,0.1496,0.2584,-0.1347,0.9185,0.1807,r,PC
4.5,9400,0.0,2.0,0.1477,0.254,-0.0876,0.7893,0.1854,r,PC
5.0,9400,0.0,2.0,0.1512,0.2452,-0.0314,0.6543,0.1536,r,PC
5.5,9400,0.0,2.0,0.1639,0.2298,0.0251,0.5373,0.0992,r,PC
6.0,9400,0.0,2.0,0.1602,0.2367,0.0696,0.4405,0.0938,r,PC
2.5,9600,0.0,2.0,0.0953,0.412,-0.1842,1.338,0.36,r,PC
3.0,9600,0.0,2.0,0.1136,0.3505,-0.2067,1.2126,0.3221,r,PC
3.5,9600,0.0,2.0,0.1212,0.3174,-0.1867,1.0847,0.3058,r,PC
4.0,9600,0.0,2.0,0.1464,0.2596,-0.1396,0.9245,0.1825,r,PC
4.5,9600,0.0,2.0,0.1443,0.2553,-0.0923,0.7942,0.1858,r,PC
5.0,9600,0.0,2.0,0.1459,0.2454,-0.0403,0.6627,0.1549,r,PC
5.5,9600,0.0,2.0,0.154,0.2347,0.0164,0.5412,0.1146,r,PC
6.0,9600,0.0,2.0,0.1613,0.2293,0.0696,0.4356,0.0961,r,PC
2.5,9800,0.0,2.0,0.0815,0.4327,-0.1865,1.3482,0.3814,r,PC
3.0,9800,0.0,2.0,0.1049,0.3627,-0.2114,1.2228,0.3365,r,PC
3.5,9800,0.0,2.0,0.115,0.3252,-0.195,1.1025,0.3157,r,PC
4.0,9800,0.0,2.0,0.1426,0.2628,-0.1435,0.929,0.1859,r,PC
4.5,9800,0.0,2.0,0.1399,0.2563,-0.0978,0.7981,0.1879,r,PC
5.0,9800,0.0,2.0,0.1416,0.2458,-0.046,0.6665,0.1565,r,PC
5.5,9800,0.0,2.0,0.1467,0.2347,0.0073,0.5453,0.1163,r,PC
6.0,9800,0.0,2.0,0.1541,0.2287,0.0616,0.4373,0.0993,r,PC
2.5,10000,0.0,2.0,0.122,0.3564,-0.1894,1.3573,0.2423,r,PC
3.0,10000,0.0,2.0,0.0955,0.3752,-0.2182,1.2382,0.3506,r,PC
3.5,10000,0.0,2.0,0.1345,0.2885,-0.2006,1.1122,0.2088,r,PC
4.0,10000,0.0,2.0,0.1381,0.2677,-0.1469,0.9329,0.1909,r,PC
4.5,10000,0.0,2.0,0.1364,0.2587,-0.1015,0.8017,0.1903,r,PC
5.0,10000,0.0,2.0,0.1375,0.2473,-0.0507,0.6699,0.159,r,PC
5.5,10000,0.0,2.0,0.1419,0.2355,0.0018,0.5477,0.1189,r,PC
6.0,10000,0.0,2.0,0.1486,0.2281,0.0555,0.4385,0.1021,r,PC
2.5,10200,0.0,2.0,0.11,0.3718,-0.1927,1.3703,0.2603,r,PC
3.0,10200,0.0,2.0,0.1232,0.3226,-0.2263,1.2566,0.2284,r,PC
3.5,10200,0.0,2.0,0.1284,0.2958,-0.2055,1.12,0.2173,r,PC
4.0,10200,0.0,2.0,0.1339,0.2722,-0.1503,0.9371,0.1953,r,PC
4.5,10200,0.0,2.0,0.1328,0.2617,-0.1048,0.8048,0.1936,r,PC
5.0,10200,0.0,2.0,0.1337,0.2496,-0.0546,0.6728,0.1623,r,PC
5.5,10200,0.0,2.0,0.1373,0.2369,-0.0031,0.5503,0.1219,r,PC
6.0,10200,0.0,2.0,0.1426,0.2289,0.0486,0.4415,0.1045,r,PC
2.5,10400,0.0,2.0,0.0979,0.3867,-0.197,1.383,0.2784,r,PC
3.0,10400,0.0,2.0,0.1142,0.3325,-0.2339,1.2707,0.2416,r,PC
3.5,10400,0.0,2.0,0.1219,0.3031,-0.2105,1.1264,0.2258,r,PC
4.0,10400,0.0,2.0,0.1292,0.2775,-0.1542,0.9421,0.2013,r,PC
4.5,10400,0.0,2.0,0.1291,0.2655,-0.108,0.8083,0.1975,r,PC
5.0,10400,0.0,2.0,0.1299,0.2525,-0.0579,0.6754,0.1665,r,PC
5.5,10400,0.0,2.0,0.1332,0.2389,-0.0072,0.5528,0.1251,r,PC
6.0,10400,0.0,2.0,0.1361,0.2308,0.0395,0.449,0.1067,r,PC
2.5,10600,0.0,2.0,0.0869,0.3995,-0.2021,1.393,0.2946,r,PC
3.0,10600,0.0,2.0,0.105,0.3422,-0.2411,1.281,0.2552,r,PC
3.5,10600,0.0,2.0,0.1147,0.3108,-0.2159,1.1326,0.2361,r,PC
4.0,10600,0.0,2.0,0.1238,0.2834,-0.1588,0.9479,0.2086,r,PC
4.5,10600,0.0,2.0,0.1251,0.2697,-0.1113,0.8122,0.2023,r,PC
5.0,10600,0.0,2.0,0.1262,0.2559,-0.0609,0.6781,0.1713,r,PC
5.5,10600,0.0,2.0,0.1294,0.2413,-0.0107,0.555,0.1287,r,PC
6.0,10600,0.0,2.0,0.1319,0.2322,0.0308,0.4602,0.1092,r,PC
2.5,10800,0.0,2.0,0.0763,0.4109,-0.208,1.4022,0.3105,r,PC
3.0,10800,0.0,2.0,0.096,0.3507,-0.2484,1.2902,0.2687,r,PC
3.5,10800,0.0,2.0,0.1072,0.3182,-0.2221,1.1398,0.247,r,PC
4.0,10800,0.0,2.0,0.1181,0.2892,-0.1675,0.9629,0.2162,r,PC
4.5,10800,0.0,2.0,0.1208,0.2742,-0.1148,0.8157,0.2078,r,PC
5.0,10800,0.0,2.0,0.1224,0.2597,-0.0639,0.6812,0.177,r,PC
5.5,10800,0.0,2.0,0.1256,0.2442,-0.0139,0.5574,0.1326,r,PC
6.0,10800,0.0,2.0,0.128,0.234,0.0238,0.4688,0.1118,r,PC
2.5,11000,0.0,2.0,0.0669,0.4202,-0.2142,1.4106,0.3247,r,PC
3.0,11000,0.0,2.0,0.0876,0.3578,-0.256,1.2994,0.2811,r,PC
3.5,11000,0.0,2.0,0.0998,0.3244,-0.2305,1.1525,0.2572,r,PC
4.0,11000,0.0,2.0,0.112,0.2949,-0.1819,0.9915,0.2246,r,PC
4.5,11000,0.0,2.0,0.1162,0.2788,-0.1218,0.8272,0.2139,r,PC
5.0,11000,0.0,2.0,0.1185,0.2638,-0.0668,0.6837,0.1834,r,PC
5.5,11000,0.0,2.0,0.122,0.2473,-0.017,0.5599,0.137,r,PC
6.0,11000,0.0,2.0,0.1243,0.2361,0.0183,0.4752,0.1142,r,PC
2.5,11200,0.0,2.0,0.0585,0.4278,-0.2203,1.4188,0.3373,r,PC
3.0,11200,0.0,2.0,0.0799,0.3632,-0.2637,1.3097,0.2922,r,PC
3.5,11200,0.0,2.0,0.0925,0.3298,-0.2433,1.1777,0.2681,r,PC
4.0,11200,0.0,2.0,0.1057,0.3002,-0.1942,1.0141,0.2338,r,PC
4.5,11200,0.0,2.0,0.1113,0.2832,-0.1388,0.8612,0.2204,r,PC
5.0,11200,0.0,2.0,0.1144,0.2678,-0.0702,0.6871,0.1905,r,PC
5.5,11200,0.0,2.0,0.1222,0.2441,-0.0198,0.5621,0.1216,r,PC
6.0,11200,0.0,2.0,0.1212,0.2412,0.0134,0.4848,0.1175,r,PC
2.5,11400,0.0,2.0,0.0506,0.435,-0.2253,1.4271,0.3489,r,PC
3.0,11400,0.0,2.0,0.0727,0.3674,-0.2726,1.3244,0.3028,r,PC
3.5,11400,0.0,2.0,0.0868,0.3284,-0.2485,1.171,0.2776,r,PC
4.0,11400,0.0,2.0,0.0997,0.3041,-0.2012,1.022,0.2421,r,PC
4.5,11400,0.0,2.0,0.1063,0.2872,-0.1507,0.8825,0.2271,r,PC
5.0,11400,0.0,2.0,0.1105,0.2716,-0.074,0.6917,0.1971,r,PC
5.5,11400,0.0,2.0,0.1194,0.2498,-0.021,0.5652,0.1251,r,PC
6.0,11400,0.0,2.0,0.118,0.2434,0.0095,0.4887,0.1195,r,PC
2.5,11600,0.0,2.0,0.0441,0.4402,-0.2292,1.4353,0.359,r,PC
3.0,11600,0.0,2.0,0.0665,0.3699,-0.2817,1.3416,0.3125,r,PC
3.5,11600,0.0,2.0,0.0811,0.3305,-0.2585,1.186,0.2854,r,PC
4.0,11600,0.0,2.0,0.0949,0.3001,-0.2069,1.0179,0.2507,r,PC
4.5,11600,0.0,2.0,0.1014,0.2903,-0.1568,0.8895,0.2332,r,PC
5.0,11600,0.0,2.0,0.107,0.2663,-0.0799,0.6908,0.205,r,PC
5.5,11600,0.0,2.0,0.1159,0.249,-0.0261,0.568,0.1268,r,PC
6.0,11600,0.0,2.0,0.1149,0.2455,0.0048,0.4946,0.1213,r,PC
2.5,11800,0.0,2.0,0.0384,0.4448,-0.2322,1.4433,0.3675,r,PC
3.0,11800,0.0,2.0,0.0612,0.3721,-0.2894,1.3547,0.3198,r,PC
3.5,11800,0.0,2.0,0.0742,0.3373,-0.2727,1.2211,0.2932,r,PC
4.0,11800,0.0,2.0,0.0899,0.3013,-0.2147,1.0263,0.2575,r,PC
4.5,11800,0.0,2.0,0.0964,0.2926,-0.1626,0.8946,0.2398,r,PC
5.0,11800,0.0,2.0,0.1032,0.2677,-0.0843,0.6939,0.2113,r,PC
5.5,11800,0.0,2.0,0.1133,0.2541,-0.0281,0.5726,0.1298,r,PC
6.0,11800,0.0,2.0,0.1123,0.2471,0.0025,0.4959,0.1226,r,PC
2.5,12000,0.0,2.0,0.0332,0.4492,-0.2346,1.4503,0.3758,r,PC
3.0,12000,0.0,2.0,0.0565,0.3729,-0.2967,1.3655,0.3266,r,PC
3.5,12000,0.0,2.0,0.0695,0.3374,-0.2804,1.23,0.2996,r,PC
4.0,12000,0.0,2.0,0.0853,0.3017,-0.2218,1.0331,0.2637,r,PC
4.5,12000,0.0,2.0,0.0918,0.2938,-0.1684,0.8991,0.2449,r,PC
5.0,12000,0.0,2.0,0.0996,0.2683,-0.0899,0.6995,0.217,r,PC
5.5,12000,0.0,2.0,0.1105,0.2555,-0.0342,0.5813,0.1316,r,PC
6.0,12000,0.0,2.0,0.1096,0.2485,-0.0022,0.5016,0.1237,r,PC
